-- Table: public.BookTypes

-- DROP TABLE IF EXISTS public."BookTypes";

CREATE TABLE IF NOT EXISTS public."BookTypes"
(
    "BookTypeId" integer NOT NULL,
    "BookTypeCode" character varying(12) COLLATE pg_catalog."default" NOT NULL,
    "BookTypeName" character varying(50) COLLATE pg_catalog."default" NOT NULL,
    "Description" character varying(100) COLLATE pg_catalog."default",
    CONSTRAINT "BookTypes_pkey" PRIMARY KEY ("BookTypeId"),
    CONSTRAINT "Unique_Academics_BookTypes_BookTypeCode" UNIQUE ("BookTypeCode"),
    CONSTRAINT "Unique_Academics_BookTypes_BookTypeName" UNIQUE ("BookTypeName")
)

TABLESPACE pg_default;

ALTER TABLE IF EXISTS public."BookTypes"
    OWNER to gooddata;


-- Table: public.Books

-- DROP TABLE IF EXISTS public."Books";

CREATE TABLE IF NOT EXISTS public."Books"
(
    "BookId" integer NOT NULL,
    "BookName" character varying(100) COLLATE pg_catalog."default" NOT NULL,
    "SubjectId" integer NOT NULL,
    "ISBN" bigint,
    "Author" character varying(100) COLLATE pg_catalog."default",
    CONSTRAINT "Books_pkey" PRIMARY KEY ("BookId"),
    CONSTRAINT "Unique_Academics_Books_BookName" UNIQUE ("BookName"),
    CONSTRAINT "Unique_Academics_Books_ISBN" UNIQUE ("ISBN"),
    CONSTRAINT "Check_Academics_Books_ISBN" CHECK ("ISBN" IS NULL OR "ISBN" <= '9999999999999'::bigint)
)

TABLESPACE pg_default;

ALTER TABLE IF EXISTS public."Books"
    OWNER to gooddata;


-- Table: public.Users

-- DROP TABLE IF EXISTS public."Users";

CREATE TABLE IF NOT EXISTS public."Users"
(
    "UserId" integer NOT NULL,
    "UserName" character varying(50) COLLATE pg_catalog."default",
    "Department" character varying(50) COLLATE pg_catalog."default",
    CONSTRAINT "Users_pkey" PRIMARY KEY ("UserId"),
    CONSTRAINT "Unique_User_UserName" UNIQUE ("UserName")
)

TABLESPACE pg_default;

ALTER TABLE IF EXISTS public."Users"
    OWNER to gooddata;


-- Table: public.Sales

-- DROP TABLE IF EXISTS public."Sales";

CREATE TABLE IF NOT EXISTS public."Sales"
(
    "SaleId" integer NOT NULL,
    "BookId" integer NOT NULL,
    "BookTypeId" integer NOT NULL,
    "UserId" integer NOT NULL,
    "Value" double precision NOT NULL,
    "EntryDateTime" timestamp without time zone NOT NULL DEFAULT now(),
    CONSTRAINT "Sales_BookId_fkey" FOREIGN KEY ("BookId")
        REFERENCES public."Books" ("BookId") MATCH SIMPLE
        ON UPDATE NO ACTION
        ON DELETE NO ACTION,
    CONSTRAINT "Sales_BookTypeId_fkey" FOREIGN KEY ("BookTypeId")
        REFERENCES public."BookTypes" ("BookTypeId") MATCH SIMPLE
        ON UPDATE NO ACTION
        ON DELETE NO ACTION,
    CONSTRAINT "Sales_UserId_fkey" FOREIGN KEY ("UserId")
        REFERENCES public."Users" ("UserId") MATCH SIMPLE
        ON UPDATE NO ACTION
        ON DELETE NO ACTION
)

TABLESPACE pg_default;

ALTER TABLE IF EXISTS public."Sales"
    OWNER to gooddata;


INSERT INTO public."BookTypes"("BookTypeId", "BookTypeCode", "BookTypeName", "Description") VALUES (1,   '1', 'Suspense',  'Livros de suspense');
INSERT INTO public."BookTypes"("BookTypeId", "BookTypeCode", "BookTypeName", "Description") VALUES (2,   '2', 'Romance',   'Livros de romance');
INSERT INTO public."BookTypes"("BookTypeId", "BookTypeCode", "BookTypeName", "Description") VALUES (3,   '3', 'Ação',  'Livros de ação');
INSERT INTO public."BookTypes"("BookTypeId", "BookTypeCode", "BookTypeName", "Description") VALUES (4,   '4', 'Documentario',  'Livros sobre documentarios');

INSERT INTO public."Books"( "BookId", "BookName", "SubjectId", "ISBN", "Author") VALUES (1,  'Livro 1',  1,  1,  'Machado de Assis');
INSERT INTO public."Books"( "BookId", "BookName", "SubjectId", "ISBN", "Author") VALUES (2,  'Livro 2',  2,  2,  'Jorge Amado');
INSERT INTO public."Books"( "BookId", "BookName", "SubjectId", "ISBN", "Author") VALUES (3,  'Livro 3',  3,  3,  'Carlos Drummond');
INSERT INTO public."Books"( "BookId", "BookName", "SubjectId", "ISBN", "Author") VALUES (4,  'Livro 4',  4,  4,  'Guimaraes Rosa');
INSERT INTO public."Books"( "BookId", "BookName", "SubjectId", "ISBN", "Author") VALUES (5,  'Livro 5',  5,  5,  'Clarice Lispector');
INSERT INTO public."Books"( "BookId", "BookName", "SubjectId", "ISBN", "Author") VALUES (6,  'Livro 6',  6,  6,  'Graciliano Ramos');
INSERT INTO public."Books"( "BookId", "BookName", "SubjectId", "ISBN", "Author") VALUES (7,  'Livro 7',  7,  7,  'Paulo Coelho');

INSERT INTO public."Users"( "UserId", "UserName", "Department") VALUES (1,  'Breno',  'Vendas');
INSERT INTO public."Users"( "UserId", "UserName", "Department") VALUES (2,  'Diego',  'Vendas');
INSERT INTO public."Users"( "UserId", "UserName", "Department") VALUES (3,  'Joao',  'Apoio');
INSERT INTO public."Sales"(	"SaleId", "BookId", "BookTypeId", "UserId", "Value", "EntryDateTime")	VALUES (0,	1,	3,	3,	63, '2022-09-12 00:00:00');
INSERT INTO public."Sales"(	"SaleId", "BookId", "BookTypeId", "UserId", "Value", "EntryDateTime")	VALUES (0,	6,	1,	1,	175, '2022-09-12 00:00:00');
INSERT INTO public."Sales"(	"SaleId", "BookId", "BookTypeId", "UserId", "Value", "EntryDateTime")	VALUES (1,	5,	4,	1,	79, '2022-09-11 00:00:00');
INSERT INTO public."Sales"(	"SaleId", "BookId", "BookTypeId", "UserId", "Value", "EntryDateTime")	VALUES (2,	2,	3,	1,	154, '2022-09-10 00:00:00');
INSERT INTO public."Sales"(	"SaleId", "BookId", "BookTypeId", "UserId", "Value", "EntryDateTime")	VALUES (3,	6,	4,	2,	42, '2022-09-09 00:00:00');
INSERT INTO public."Sales"(	"SaleId", "BookId", "BookTypeId", "UserId", "Value", "EntryDateTime")	VALUES (4,	6,	2,	3,	70, '2022-09-08 00:00:00');
INSERT INTO public."Sales"(	"SaleId", "BookId", "BookTypeId", "UserId", "Value", "EntryDateTime")	VALUES (5,	4,	3,	2,	61, '2022-09-07 00:00:00');
INSERT INTO public."Sales"(	"SaleId", "BookId", "BookTypeId", "UserId", "Value", "EntryDateTime")	VALUES (6,	1,	4,	2,	148, '2022-09-06 00:00:00');
INSERT INTO public."Sales"(	"SaleId", "BookId", "BookTypeId", "UserId", "Value", "EntryDateTime")	VALUES (7,	3,	3,	3,	189, '2022-09-05 00:00:00');
INSERT INTO public."Sales"(	"SaleId", "BookId", "BookTypeId", "UserId", "Value", "EntryDateTime")	VALUES (8,	4,	2,	3,	85, '2022-09-04 00:00:00');
INSERT INTO public."Sales"(	"SaleId", "BookId", "BookTypeId", "UserId", "Value", "EntryDateTime")	VALUES (9,	2,	3,	1,	72, '2022-09-03 00:00:00');
INSERT INTO public."Sales"(	"SaleId", "BookId", "BookTypeId", "UserId", "Value", "EntryDateTime")	VALUES (10,	2,	4,	2,	48, '2022-09-02 00:00:00');
INSERT INTO public."Sales"(	"SaleId", "BookId", "BookTypeId", "UserId", "Value", "EntryDateTime")	VALUES (11,	6,	3,	2,	168, '2022-09-01 00:00:00');
INSERT INTO public."Sales"(	"SaleId", "BookId", "BookTypeId", "UserId", "Value", "EntryDateTime")	VALUES (12,	4,	2,	1,	124, '2022-08-31 00:00:00');
INSERT INTO public."Sales"(	"SaleId", "BookId", "BookTypeId", "UserId", "Value", "EntryDateTime")	VALUES (13,	7,	2,	1,	99, '2022-08-30 00:00:00');
INSERT INTO public."Sales"(	"SaleId", "BookId", "BookTypeId", "UserId", "Value", "EntryDateTime")	VALUES (14,	3,	4,	3,	35, '2022-08-29 00:00:00');
INSERT INTO public."Sales"(	"SaleId", "BookId", "BookTypeId", "UserId", "Value", "EntryDateTime")	VALUES (15,	6,	4,	1,	148, '2022-08-28 00:00:00');
INSERT INTO public."Sales"(	"SaleId", "BookId", "BookTypeId", "UserId", "Value", "EntryDateTime")	VALUES (16,	3,	3,	2,	44, '2022-08-27 00:00:00');
INSERT INTO public."Sales"(	"SaleId", "BookId", "BookTypeId", "UserId", "Value", "EntryDateTime")	VALUES (17,	3,	2,	1,	152, '2022-08-26 00:00:00');
INSERT INTO public."Sales"(	"SaleId", "BookId", "BookTypeId", "UserId", "Value", "EntryDateTime")	VALUES (18,	6,	1,	2,	59, '2022-08-25 00:00:00');
INSERT INTO public."Sales"(	"SaleId", "BookId", "BookTypeId", "UserId", "Value", "EntryDateTime")	VALUES (19,	7,	3,	3,	64, '2022-08-24 00:00:00');
INSERT INTO public."Sales"(	"SaleId", "BookId", "BookTypeId", "UserId", "Value", "EntryDateTime")	VALUES (20,	7,	2,	2,	163, '2022-08-23 00:00:00');
INSERT INTO public."Sales"(	"SaleId", "BookId", "BookTypeId", "UserId", "Value", "EntryDateTime")	VALUES (21,	2,	4,	2,	89, '2022-08-22 00:00:00');
INSERT INTO public."Sales"(	"SaleId", "BookId", "BookTypeId", "UserId", "Value", "EntryDateTime")	VALUES (22,	4,	1,	3,	101, '2022-08-21 00:00:00');
INSERT INTO public."Sales"(	"SaleId", "BookId", "BookTypeId", "UserId", "Value", "EntryDateTime")	VALUES (23,	2,	2,	2,	57, '2022-08-20 00:00:00');
INSERT INTO public."Sales"(	"SaleId", "BookId", "BookTypeId", "UserId", "Value", "EntryDateTime")	VALUES (24,	6,	3,	3,	143, '2022-08-19 00:00:00');
INSERT INTO public."Sales"(	"SaleId", "BookId", "BookTypeId", "UserId", "Value", "EntryDateTime")	VALUES (25,	7,	2,	3,	92, '2022-08-18 00:00:00');
INSERT INTO public."Sales"(	"SaleId", "BookId", "BookTypeId", "UserId", "Value", "EntryDateTime")	VALUES (26,	1,	1,	1,	48, '2022-08-17 00:00:00');
INSERT INTO public."Sales"(	"SaleId", "BookId", "BookTypeId", "UserId", "Value", "EntryDateTime")	VALUES (27,	5,	1,	3,	72, '2022-08-16 00:00:00');
INSERT INTO public."Sales"(	"SaleId", "BookId", "BookTypeId", "UserId", "Value", "EntryDateTime")	VALUES (28,	5,	4,	2,	77, '2022-08-15 00:00:00');
INSERT INTO public."Sales"(	"SaleId", "BookId", "BookTypeId", "UserId", "Value", "EntryDateTime")	VALUES (29,	3,	4,	2,	148, '2022-08-14 00:00:00');
INSERT INTO public."Sales"(	"SaleId", "BookId", "BookTypeId", "UserId", "Value", "EntryDateTime")	VALUES (30,	5,	3,	1,	199, '2022-08-13 00:00:00');
INSERT INTO public."Sales"(	"SaleId", "BookId", "BookTypeId", "UserId", "Value", "EntryDateTime")	VALUES (31,	7,	3,	3,	79, '2022-08-12 00:00:00');
INSERT INTO public."Sales"(	"SaleId", "BookId", "BookTypeId", "UserId", "Value", "EntryDateTime")	VALUES (32,	1,	1,	1,	64, '2022-08-11 00:00:00');
INSERT INTO public."Sales"(	"SaleId", "BookId", "BookTypeId", "UserId", "Value", "EntryDateTime")	VALUES (33,	3,	4,	1,	132, '2022-08-10 00:00:00');
INSERT INTO public."Sales"(	"SaleId", "BookId", "BookTypeId", "UserId", "Value", "EntryDateTime")	VALUES (34,	5,	2,	3,	83, '2022-08-09 00:00:00');
INSERT INTO public."Sales"(	"SaleId", "BookId", "BookTypeId", "UserId", "Value", "EntryDateTime")	VALUES (35,	7,	3,	2,	93, '2022-08-08 00:00:00');
INSERT INTO public."Sales"(	"SaleId", "BookId", "BookTypeId", "UserId", "Value", "EntryDateTime")	VALUES (36,	2,	4,	1,	69, '2022-08-07 00:00:00');
INSERT INTO public."Sales"(	"SaleId", "BookId", "BookTypeId", "UserId", "Value", "EntryDateTime")	VALUES (37,	1,	3,	1,	181, '2022-08-06 00:00:00');
INSERT INTO public."Sales"(	"SaleId", "BookId", "BookTypeId", "UserId", "Value", "EntryDateTime")	VALUES (38,	3,	3,	2,	45, '2022-08-05 00:00:00');
INSERT INTO public."Sales"(	"SaleId", "BookId", "BookTypeId", "UserId", "Value", "EntryDateTime")	VALUES (39,	3,	3,	2,	72, '2022-08-04 00:00:00');
INSERT INTO public."Sales"(	"SaleId", "BookId", "BookTypeId", "UserId", "Value", "EntryDateTime")	VALUES (40,	2,	3,	3,	100, '2022-08-03 00:00:00');
INSERT INTO public."Sales"(	"SaleId", "BookId", "BookTypeId", "UserId", "Value", "EntryDateTime")	VALUES (41,	5,	1,	3,	46, '2022-08-02 00:00:00');
INSERT INTO public."Sales"(	"SaleId", "BookId", "BookTypeId", "UserId", "Value", "EntryDateTime")	VALUES (42,	2,	2,	1,	174, '2022-08-01 00:00:00');
INSERT INTO public."Sales"(	"SaleId", "BookId", "BookTypeId", "UserId", "Value", "EntryDateTime")	VALUES (43,	4,	3,	3,	99, '2022-07-31 00:00:00');
INSERT INTO public."Sales"(	"SaleId", "BookId", "BookTypeId", "UserId", "Value", "EntryDateTime")	VALUES (44,	4,	4,	2,	111, '2022-07-30 00:00:00');
INSERT INTO public."Sales"(	"SaleId", "BookId", "BookTypeId", "UserId", "Value", "EntryDateTime")	VALUES (45,	7,	4,	2,	27, '2022-07-29 00:00:00');
INSERT INTO public."Sales"(	"SaleId", "BookId", "BookTypeId", "UserId", "Value", "EntryDateTime")	VALUES (46,	5,	3,	2,	168, '2022-07-28 00:00:00');
INSERT INTO public."Sales"(	"SaleId", "BookId", "BookTypeId", "UserId", "Value", "EntryDateTime")	VALUES (47,	7,	1,	2,	125, '2022-07-27 00:00:00');
INSERT INTO public."Sales"(	"SaleId", "BookId", "BookTypeId", "UserId", "Value", "EntryDateTime")	VALUES (48,	6,	2,	1,	39, '2022-07-26 00:00:00');
INSERT INTO public."Sales"(	"SaleId", "BookId", "BookTypeId", "UserId", "Value", "EntryDateTime")	VALUES (49,	1,	3,	1,	24, '2022-07-25 00:00:00');
INSERT INTO public."Sales"(	"SaleId", "BookId", "BookTypeId", "UserId", "Value", "EntryDateTime")	VALUES (50,	6,	1,	1,	152, '2022-07-24 00:00:00');
INSERT INTO public."Sales"(	"SaleId", "BookId", "BookTypeId", "UserId", "Value", "EntryDateTime")	VALUES (51,	1,	3,	2,	176, '2022-07-23 00:00:00');
INSERT INTO public."Sales"(	"SaleId", "BookId", "BookTypeId", "UserId", "Value", "EntryDateTime")	VALUES (52,	6,	2,	1,	171, '2022-07-22 00:00:00');
INSERT INTO public."Sales"(	"SaleId", "BookId", "BookTypeId", "UserId", "Value", "EntryDateTime")	VALUES (53,	2,	4,	2,	91, '2022-07-21 00:00:00');
INSERT INTO public."Sales"(	"SaleId", "BookId", "BookTypeId", "UserId", "Value", "EntryDateTime")	VALUES (54,	2,	1,	1,	146, '2022-07-20 00:00:00');
INSERT INTO public."Sales"(	"SaleId", "BookId", "BookTypeId", "UserId", "Value", "EntryDateTime")	VALUES (55,	4,	3,	2,	143, '2022-07-19 00:00:00');
INSERT INTO public."Sales"(	"SaleId", "BookId", "BookTypeId", "UserId", "Value", "EntryDateTime")	VALUES (56,	5,	1,	1,	33, '2022-07-18 00:00:00');
INSERT INTO public."Sales"(	"SaleId", "BookId", "BookTypeId", "UserId", "Value", "EntryDateTime")	VALUES (57,	3,	3,	3,	112, '2022-07-17 00:00:00');
INSERT INTO public."Sales"(	"SaleId", "BookId", "BookTypeId", "UserId", "Value", "EntryDateTime")	VALUES (58,	6,	1,	2,	144, '2022-07-16 00:00:00');
INSERT INTO public."Sales"(	"SaleId", "BookId", "BookTypeId", "UserId", "Value", "EntryDateTime")	VALUES (59,	5,	1,	2,	191, '2022-07-15 00:00:00');
INSERT INTO public."Sales"(	"SaleId", "BookId", "BookTypeId", "UserId", "Value", "EntryDateTime")	VALUES (60,	3,	2,	3,	103, '2022-07-14 00:00:00');
INSERT INTO public."Sales"(	"SaleId", "BookId", "BookTypeId", "UserId", "Value", "EntryDateTime")	VALUES (61,	6,	4,	2,	110, '2022-07-13 00:00:00');
INSERT INTO public."Sales"(	"SaleId", "BookId", "BookTypeId", "UserId", "Value", "EntryDateTime")	VALUES (62,	4,	1,	1,	196, '2022-07-12 00:00:00');
INSERT INTO public."Sales"(	"SaleId", "BookId", "BookTypeId", "UserId", "Value", "EntryDateTime")	VALUES (63,	1,	3,	3,	97, '2022-07-11 00:00:00');
INSERT INTO public."Sales"(	"SaleId", "BookId", "BookTypeId", "UserId", "Value", "EntryDateTime")	VALUES (64,	2,	2,	2,	88, '2022-07-10 00:00:00');
INSERT INTO public."Sales"(	"SaleId", "BookId", "BookTypeId", "UserId", "Value", "EntryDateTime")	VALUES (65,	4,	3,	1,	147, '2022-07-09 00:00:00');
INSERT INTO public."Sales"(	"SaleId", "BookId", "BookTypeId", "UserId", "Value", "EntryDateTime")	VALUES (66,	1,	3,	2,	44, '2022-07-08 00:00:00');
INSERT INTO public."Sales"(	"SaleId", "BookId", "BookTypeId", "UserId", "Value", "EntryDateTime")	VALUES (67,	5,	1,	3,	131, '2022-07-07 00:00:00');
INSERT INTO public."Sales"(	"SaleId", "BookId", "BookTypeId", "UserId", "Value", "EntryDateTime")	VALUES (68,	1,	1,	2,	106, '2022-07-06 00:00:00');
INSERT INTO public."Sales"(	"SaleId", "BookId", "BookTypeId", "UserId", "Value", "EntryDateTime")	VALUES (69,	1,	2,	2,	178, '2022-07-05 00:00:00');
INSERT INTO public."Sales"(	"SaleId", "BookId", "BookTypeId", "UserId", "Value", "EntryDateTime")	VALUES (70,	3,	2,	1,	191, '2022-07-04 00:00:00');
INSERT INTO public."Sales"(	"SaleId", "BookId", "BookTypeId", "UserId", "Value", "EntryDateTime")	VALUES (71,	1,	1,	1,	118, '2022-07-03 00:00:00');
INSERT INTO public."Sales"(	"SaleId", "BookId", "BookTypeId", "UserId", "Value", "EntryDateTime")	VALUES (72,	2,	4,	2,	195, '2022-07-02 00:00:00');
INSERT INTO public."Sales"(	"SaleId", "BookId", "BookTypeId", "UserId", "Value", "EntryDateTime")	VALUES (73,	6,	1,	1,	141, '2022-07-01 00:00:00');
INSERT INTO public."Sales"(	"SaleId", "BookId", "BookTypeId", "UserId", "Value", "EntryDateTime")	VALUES (74,	5,	1,	1,	166, '2022-06-30 00:00:00');
INSERT INTO public."Sales"(	"SaleId", "BookId", "BookTypeId", "UserId", "Value", "EntryDateTime")	VALUES (75,	1,	1,	3,	90, '2022-06-29 00:00:00');
INSERT INTO public."Sales"(	"SaleId", "BookId", "BookTypeId", "UserId", "Value", "EntryDateTime")	VALUES (76,	1,	1,	2,	171, '2022-06-28 00:00:00');
INSERT INTO public."Sales"(	"SaleId", "BookId", "BookTypeId", "UserId", "Value", "EntryDateTime")	VALUES (77,	4,	1,	3,	181, '2022-06-27 00:00:00');
INSERT INTO public."Sales"(	"SaleId", "BookId", "BookTypeId", "UserId", "Value", "EntryDateTime")	VALUES (78,	4,	3,	1,	92, '2022-06-26 00:00:00');
INSERT INTO public."Sales"(	"SaleId", "BookId", "BookTypeId", "UserId", "Value", "EntryDateTime")	VALUES (79,	4,	2,	3,	184, '2022-06-25 00:00:00');
INSERT INTO public."Sales"(	"SaleId", "BookId", "BookTypeId", "UserId", "Value", "EntryDateTime")	VALUES (80,	7,	4,	1,	195, '2022-06-24 00:00:00');
INSERT INTO public."Sales"(	"SaleId", "BookId", "BookTypeId", "UserId", "Value", "EntryDateTime")	VALUES (81,	4,	3,	1,	198, '2022-06-23 00:00:00');
INSERT INTO public."Sales"(	"SaleId", "BookId", "BookTypeId", "UserId", "Value", "EntryDateTime")	VALUES (82,	6,	4,	3,	165, '2022-06-22 00:00:00');
INSERT INTO public."Sales"(	"SaleId", "BookId", "BookTypeId", "UserId", "Value", "EntryDateTime")	VALUES (83,	5,	1,	3,	86, '2022-06-21 00:00:00');
INSERT INTO public."Sales"(	"SaleId", "BookId", "BookTypeId", "UserId", "Value", "EntryDateTime")	VALUES (84,	6,	3,	3,	148, '2022-06-20 00:00:00');
INSERT INTO public."Sales"(	"SaleId", "BookId", "BookTypeId", "UserId", "Value", "EntryDateTime")	VALUES (85,	7,	3,	3,	152, '2022-06-19 00:00:00');
INSERT INTO public."Sales"(	"SaleId", "BookId", "BookTypeId", "UserId", "Value", "EntryDateTime")	VALUES (86,	5,	4,	2,	67, '2022-06-18 00:00:00');
INSERT INTO public."Sales"(	"SaleId", "BookId", "BookTypeId", "UserId", "Value", "EntryDateTime")	VALUES (87,	4,	3,	1,	57, '2022-06-17 00:00:00');
INSERT INTO public."Sales"(	"SaleId", "BookId", "BookTypeId", "UserId", "Value", "EntryDateTime")	VALUES (88,	5,	3,	1,	100, '2022-06-16 00:00:00');
INSERT INTO public."Sales"(	"SaleId", "BookId", "BookTypeId", "UserId", "Value", "EntryDateTime")	VALUES (89,	2,	2,	1,	49, '2022-06-15 00:00:00');
INSERT INTO public."Sales"(	"SaleId", "BookId", "BookTypeId", "UserId", "Value", "EntryDateTime")	VALUES (90,	2,	1,	1,	178, '2022-06-14 00:00:00');
INSERT INTO public."Sales"(	"SaleId", "BookId", "BookTypeId", "UserId", "Value", "EntryDateTime")	VALUES (91,	2,	2,	1,	146, '2022-06-13 00:00:00');
INSERT INTO public."Sales"(	"SaleId", "BookId", "BookTypeId", "UserId", "Value", "EntryDateTime")	VALUES (92,	1,	2,	1,	195, '2022-06-12 00:00:00');
INSERT INTO public."Sales"(	"SaleId", "BookId", "BookTypeId", "UserId", "Value", "EntryDateTime")	VALUES (93,	5,	4,	2,	146, '2022-06-11 00:00:00');
INSERT INTO public."Sales"(	"SaleId", "BookId", "BookTypeId", "UserId", "Value", "EntryDateTime")	VALUES (94,	7,	4,	3,	94, '2022-06-10 00:00:00');
INSERT INTO public."Sales"(	"SaleId", "BookId", "BookTypeId", "UserId", "Value", "EntryDateTime")	VALUES (95,	7,	4,	3,	91, '2022-06-09 00:00:00');
INSERT INTO public."Sales"(	"SaleId", "BookId", "BookTypeId", "UserId", "Value", "EntryDateTime")	VALUES (96,	3,	3,	3,	146, '2022-06-08 00:00:00');
INSERT INTO public."Sales"(	"SaleId", "BookId", "BookTypeId", "UserId", "Value", "EntryDateTime")	VALUES (97,	4,	4,	2,	54, '2022-06-07 00:00:00');
INSERT INTO public."Sales"(	"SaleId", "BookId", "BookTypeId", "UserId", "Value", "EntryDateTime")	VALUES (98,	7,	2,	1,	176, '2022-06-06 00:00:00');
INSERT INTO public."Sales"(	"SaleId", "BookId", "BookTypeId", "UserId", "Value", "EntryDateTime")	VALUES (99,	7,	3,	1,	100, '2022-06-05 00:00:00');
INSERT INTO public."Sales"(	"SaleId", "BookId", "BookTypeId", "UserId", "Value", "EntryDateTime")	VALUES (100,4,	4,	3,	154, '2022-06-04 00:00:00');
INSERT INTO public."Sales"(	"SaleId", "BookId", "BookTypeId", "UserId", "Value", "EntryDateTime")	VALUES (101,4,	2,	3,	114, '2022-06-03 00:00:00');
INSERT INTO public."Sales"(	"SaleId", "BookId", "BookTypeId", "UserId", "Value", "EntryDateTime")	VALUES (102,4,	4,	1,	32, '2022-06-02 00:00:00');
INSERT INTO public."Sales"(	"SaleId", "BookId", "BookTypeId", "UserId", "Value", "EntryDateTime")	VALUES (103,3,	4,	2,	147, '2022-06-01 00:00:00');
INSERT INTO public."Sales"(	"SaleId", "BookId", "BookTypeId", "UserId", "Value", "EntryDateTime")	VALUES (104,3,	4,	3,	44, '2022-05-31 00:00:00');
INSERT INTO public."Sales"(	"SaleId", "BookId", "BookTypeId", "UserId", "Value", "EntryDateTime")	VALUES (105,4,	3,	2,	65, '2022-05-30 00:00:00');
INSERT INTO public."Sales"(	"SaleId", "BookId", "BookTypeId", "UserId", "Value", "EntryDateTime")	VALUES (106,6,	4,	3,	86, '2022-05-29 00:00:00');
INSERT INTO public."Sales"(	"SaleId", "BookId", "BookTypeId", "UserId", "Value", "EntryDateTime")	VALUES (107,5,	1,	2,	31, '2022-05-28 00:00:00');
INSERT INTO public."Sales"(	"SaleId", "BookId", "BookTypeId", "UserId", "Value", "EntryDateTime")	VALUES (108,2,	2,	1,	119, '2022-05-27 00:00:00');
INSERT INTO public."Sales"(	"SaleId", "BookId", "BookTypeId", "UserId", "Value", "EntryDateTime")	VALUES (109,1,	3,	1,	106, '2022-05-26 00:00:00');
INSERT INTO public."Sales"(	"SaleId", "BookId", "BookTypeId", "UserId", "Value", "EntryDateTime")	VALUES (110,2,	4,	1,	193, '2022-05-25 00:00:00');
INSERT INTO public."Sales"(	"SaleId", "BookId", "BookTypeId", "UserId", "Value", "EntryDateTime")	VALUES (111,2,	2,	3,	195, '2022-05-24 00:00:00');
INSERT INTO public."Sales"(	"SaleId", "BookId", "BookTypeId", "UserId", "Value", "EntryDateTime")	VALUES (112,6,	3,	2,	37, '2022-05-23 00:00:00');
INSERT INTO public."Sales"(	"SaleId", "BookId", "BookTypeId", "UserId", "Value", "EntryDateTime")	VALUES (113,3,	2,	1,	131, '2022-05-22 00:00:00');
INSERT INTO public."Sales"(	"SaleId", "BookId", "BookTypeId", "UserId", "Value", "EntryDateTime")	VALUES (114,5,	1,	1,	37, '2022-05-21 00:00:00');
INSERT INTO public."Sales"(	"SaleId", "BookId", "BookTypeId", "UserId", "Value", "EntryDateTime")	VALUES (115,2,	1,	3,	143, '2022-05-20 00:00:00');
INSERT INTO public."Sales"(	"SaleId", "BookId", "BookTypeId", "UserId", "Value", "EntryDateTime")	VALUES (116,3,	4,	1,	126, '2022-05-19 00:00:00');
INSERT INTO public."Sales"(	"SaleId", "BookId", "BookTypeId", "UserId", "Value", "EntryDateTime")	VALUES (117,5,	3,	1,	199, '2022-05-18 00:00:00');
INSERT INTO public."Sales"(	"SaleId", "BookId", "BookTypeId", "UserId", "Value", "EntryDateTime")	VALUES (118,1,	1,	3,	177, '2022-05-17 00:00:00');
INSERT INTO public."Sales"(	"SaleId", "BookId", "BookTypeId", "UserId", "Value", "EntryDateTime")	VALUES (119,6,	1,	2,	130, '2022-05-16 00:00:00');
INSERT INTO public."Sales"(	"SaleId", "BookId", "BookTypeId", "UserId", "Value", "EntryDateTime")	VALUES (120,5,	3,	3,	190, '2022-05-15 00:00:00');
INSERT INTO public."Sales"(	"SaleId", "BookId", "BookTypeId", "UserId", "Value", "EntryDateTime")	VALUES (121,6,	3,	3,	170, '2022-05-14 00:00:00');
INSERT INTO public."Sales"(	"SaleId", "BookId", "BookTypeId", "UserId", "Value", "EntryDateTime")	VALUES (122,7,	2,	3,	152, '2022-05-13 00:00:00');
INSERT INTO public."Sales"(	"SaleId", "BookId", "BookTypeId", "UserId", "Value", "EntryDateTime")	VALUES (123,4,	1,	2,	142, '2022-05-12 00:00:00');
INSERT INTO public."Sales"(	"SaleId", "BookId", "BookTypeId", "UserId", "Value", "EntryDateTime")	VALUES (124,2,	4,	1,	134, '2022-05-11 00:00:00');
INSERT INTO public."Sales"(	"SaleId", "BookId", "BookTypeId", "UserId", "Value", "EntryDateTime")	VALUES (125,3,	2,	3,	45, '2022-05-10 00:00:00');
INSERT INTO public."Sales"(	"SaleId", "BookId", "BookTypeId", "UserId", "Value", "EntryDateTime")	VALUES (126,7,	4,	3,	67, '2022-05-09 00:00:00');
INSERT INTO public."Sales"(	"SaleId", "BookId", "BookTypeId", "UserId", "Value", "EntryDateTime")	VALUES (127,7,	3,	2,	166, '2022-05-08 00:00:00');
INSERT INTO public."Sales"(	"SaleId", "BookId", "BookTypeId", "UserId", "Value", "EntryDateTime")	VALUES (128,3,	1,	3,	130, '2022-05-07 00:00:00');
INSERT INTO public."Sales"(	"SaleId", "BookId", "BookTypeId", "UserId", "Value", "EntryDateTime")	VALUES (129,5,	4,	1,	189, '2022-05-06 00:00:00');
INSERT INTO public."Sales"(	"SaleId", "BookId", "BookTypeId", "UserId", "Value", "EntryDateTime")	VALUES (130,3,	2,	1,	98, '2022-05-05 00:00:00');
INSERT INTO public."Sales"(	"SaleId", "BookId", "BookTypeId", "UserId", "Value", "EntryDateTime")	VALUES (131,4,	4,	1,	148, '2022-05-04 00:00:00');
INSERT INTO public."Sales"(	"SaleId", "BookId", "BookTypeId", "UserId", "Value", "EntryDateTime")	VALUES (132,2,	3,	3,	76, '2022-05-03 00:00:00');
INSERT INTO public."Sales"(	"SaleId", "BookId", "BookTypeId", "UserId", "Value", "EntryDateTime")	VALUES (133,1,	3,	2,	171, '2022-05-02 00:00:00');
INSERT INTO public."Sales"(	"SaleId", "BookId", "BookTypeId", "UserId", "Value", "EntryDateTime")	VALUES (134,2,	1,	1,	199, '2022-05-01 00:00:00');
INSERT INTO public."Sales"(	"SaleId", "BookId", "BookTypeId", "UserId", "Value", "EntryDateTime")	VALUES (135,7,	2,	3,	124, '2022-04-30 00:00:00');
INSERT INTO public."Sales"(	"SaleId", "BookId", "BookTypeId", "UserId", "Value", "EntryDateTime")	VALUES (136,2,	1,	2,	46, '2022-04-29 00:00:00');
INSERT INTO public."Sales"(	"SaleId", "BookId", "BookTypeId", "UserId", "Value", "EntryDateTime")	VALUES (137,1,	1,	2,	141, '2022-04-28 00:00:00');
INSERT INTO public."Sales"(	"SaleId", "BookId", "BookTypeId", "UserId", "Value", "EntryDateTime")	VALUES (138,5,	3,	1,	174, '2022-04-27 00:00:00');
INSERT INTO public."Sales"(	"SaleId", "BookId", "BookTypeId", "UserId", "Value", "EntryDateTime")	VALUES (139,4,	4,	2,	38, '2022-04-26 00:00:00');
INSERT INTO public."Sales"(	"SaleId", "BookId", "BookTypeId", "UserId", "Value", "EntryDateTime")	VALUES (140,1,	3,	2,	100, '2022-04-25 00:00:00');
INSERT INTO public."Sales"(	"SaleId", "BookId", "BookTypeId", "UserId", "Value", "EntryDateTime")	VALUES (141,4,	4,	3,	149, '2022-04-24 00:00:00');
INSERT INTO public."Sales"(	"SaleId", "BookId", "BookTypeId", "UserId", "Value", "EntryDateTime")	VALUES (142,2,	2,	1,	91, '2022-04-23 00:00:00');
INSERT INTO public."Sales"(	"SaleId", "BookId", "BookTypeId", "UserId", "Value", "EntryDateTime")	VALUES (143,6,	3,	3,	97, '2022-04-22 00:00:00');
INSERT INTO public."Sales"(	"SaleId", "BookId", "BookTypeId", "UserId", "Value", "EntryDateTime")	VALUES (144,4,	4,	3,	33, '2022-04-21 00:00:00');
INSERT INTO public."Sales"(	"SaleId", "BookId", "BookTypeId", "UserId", "Value", "EntryDateTime")	VALUES (145,4,	2,	2,	175, '2022-04-20 00:00:00');
INSERT INTO public."Sales"(	"SaleId", "BookId", "BookTypeId", "UserId", "Value", "EntryDateTime")	VALUES (146,2,	1,	3,	119, '2022-04-19 00:00:00');
INSERT INTO public."Sales"(	"SaleId", "BookId", "BookTypeId", "UserId", "Value", "EntryDateTime")	VALUES (147,7,	2,	1,	23, '2022-04-18 00:00:00');
INSERT INTO public."Sales"(	"SaleId", "BookId", "BookTypeId", "UserId", "Value", "EntryDateTime")	VALUES (148,1,	3,	2,	132, '2022-04-17 00:00:00');
INSERT INTO public."Sales"(	"SaleId", "BookId", "BookTypeId", "UserId", "Value", "EntryDateTime")	VALUES (149,7,	1,	2,	72, '2022-04-16 00:00:00');
INSERT INTO public."Sales"(	"SaleId", "BookId", "BookTypeId", "UserId", "Value", "EntryDateTime")	VALUES (150,2,	2,	1,	145, '2022-04-15 00:00:00');
INSERT INTO public."Sales"(	"SaleId", "BookId", "BookTypeId", "UserId", "Value", "EntryDateTime")	VALUES (151,7,	1,	1,	74, '2022-04-14 00:00:00');
INSERT INTO public."Sales"(	"SaleId", "BookId", "BookTypeId", "UserId", "Value", "EntryDateTime")	VALUES (152,1,	1,	2,	106, '2022-04-13 00:00:00');
INSERT INTO public."Sales"(	"SaleId", "BookId", "BookTypeId", "UserId", "Value", "EntryDateTime")	VALUES (153,5,	2,	1,	189, '2022-04-12 00:00:00');
INSERT INTO public."Sales"(	"SaleId", "BookId", "BookTypeId", "UserId", "Value", "EntryDateTime")	VALUES (154,7,	3,	2,	119, '2022-04-11 00:00:00');
INSERT INTO public."Sales"(	"SaleId", "BookId", "BookTypeId", "UserId", "Value", "EntryDateTime")	VALUES (155,6,	2,	1,	30, '2022-04-10 00:00:00');
INSERT INTO public."Sales"(	"SaleId", "BookId", "BookTypeId", "UserId", "Value", "EntryDateTime")	VALUES (156,3,	4,	3,	186, '2022-04-09 00:00:00');
INSERT INTO public."Sales"(	"SaleId", "BookId", "BookTypeId", "UserId", "Value", "EntryDateTime")	VALUES (157,5,	1,	1,	106, '2022-04-08 00:00:00');
INSERT INTO public."Sales"(	"SaleId", "BookId", "BookTypeId", "UserId", "Value", "EntryDateTime")	VALUES (158,4,	4,	3,	144, '2022-04-07 00:00:00');
INSERT INTO public."Sales"(	"SaleId", "BookId", "BookTypeId", "UserId", "Value", "EntryDateTime")	VALUES (159,2,	3,	1,	181, '2022-04-06 00:00:00');
INSERT INTO public."Sales"(	"SaleId", "BookId", "BookTypeId", "UserId", "Value", "EntryDateTime")	VALUES (160,3,	1,	1,	47, '2022-04-05 00:00:00');
INSERT INTO public."Sales"(	"SaleId", "BookId", "BookTypeId", "UserId", "Value", "EntryDateTime")	VALUES (161,1,	1,	1,	68, '2022-04-04 00:00:00');
INSERT INTO public."Sales"(	"SaleId", "BookId", "BookTypeId", "UserId", "Value", "EntryDateTime")	VALUES (162,5,	2,	2,	98, '2022-04-03 00:00:00');
INSERT INTO public."Sales"(	"SaleId", "BookId", "BookTypeId", "UserId", "Value", "EntryDateTime")	VALUES (163,3,	1,	1,	144, '2022-04-02 00:00:00');
INSERT INTO public."Sales"(	"SaleId", "BookId", "BookTypeId", "UserId", "Value", "EntryDateTime")	VALUES (164,1,	4,	3,	173, '2022-04-01 00:00:00');
INSERT INTO public."Sales"(	"SaleId", "BookId", "BookTypeId", "UserId", "Value", "EntryDateTime")	VALUES (165,6,	4,	3,	21, '2022-03-31 00:00:00');
INSERT INTO public."Sales"(	"SaleId", "BookId", "BookTypeId", "UserId", "Value", "EntryDateTime")	VALUES (166,1,	3,	3,	181, '2022-03-30 00:00:00');
INSERT INTO public."Sales"(	"SaleId", "BookId", "BookTypeId", "UserId", "Value", "EntryDateTime")	VALUES (167,6,	1,	1,	115, '2022-03-29 00:00:00');
INSERT INTO public."Sales"(	"SaleId", "BookId", "BookTypeId", "UserId", "Value", "EntryDateTime")	VALUES (168,4,	2,	3,	25, '2022-03-28 00:00:00');
INSERT INTO public."Sales"(	"SaleId", "BookId", "BookTypeId", "UserId", "Value", "EntryDateTime")	VALUES (169,3,	1,	2,	133, '2022-03-27 00:00:00');
INSERT INTO public."Sales"(	"SaleId", "BookId", "BookTypeId", "UserId", "Value", "EntryDateTime")	VALUES (170,6,	2,	2,	30, '2022-03-26 00:00:00');
INSERT INTO public."Sales"(	"SaleId", "BookId", "BookTypeId", "UserId", "Value", "EntryDateTime")	VALUES (171,3,	1,	3,	191, '2022-03-25 00:00:00');
INSERT INTO public."Sales"(	"SaleId", "BookId", "BookTypeId", "UserId", "Value", "EntryDateTime")	VALUES (172,5,	4,	3,	157, '2022-03-24 00:00:00');
INSERT INTO public."Sales"(	"SaleId", "BookId", "BookTypeId", "UserId", "Value", "EntryDateTime")	VALUES (173,7,	1,	3,	196, '2022-03-23 00:00:00');
INSERT INTO public."Sales"(	"SaleId", "BookId", "BookTypeId", "UserId", "Value", "EntryDateTime")	VALUES (174,4,	1,	1,	60, '2022-03-22 00:00:00');
INSERT INTO public."Sales"(	"SaleId", "BookId", "BookTypeId", "UserId", "Value", "EntryDateTime")	VALUES (175,2,	3,	1,	102, '2022-03-21 00:00:00');
INSERT INTO public."Sales"(	"SaleId", "BookId", "BookTypeId", "UserId", "Value", "EntryDateTime")	VALUES (176,2,	2,	2,	36, '2022-03-20 00:00:00');
INSERT INTO public."Sales"(	"SaleId", "BookId", "BookTypeId", "UserId", "Value", "EntryDateTime")	VALUES (177,4,	2,	1,	176, '2022-03-19 00:00:00');
INSERT INTO public."Sales"(	"SaleId", "BookId", "BookTypeId", "UserId", "Value", "EntryDateTime")	VALUES (178,7,	3,	1,	61, '2022-03-18 00:00:00');
INSERT INTO public."Sales"(	"SaleId", "BookId", "BookTypeId", "UserId", "Value", "EntryDateTime")	VALUES (179,4,	2,	2,	109, '2022-03-17 00:00:00');
INSERT INTO public."Sales"(	"SaleId", "BookId", "BookTypeId", "UserId", "Value", "EntryDateTime")	VALUES (180,4,	4,	2,	128, '2022-03-16 00:00:00');
INSERT INTO public."Sales"(	"SaleId", "BookId", "BookTypeId", "UserId", "Value", "EntryDateTime")	VALUES (181,6,	4,	3,	196, '2022-03-15 00:00:00');
INSERT INTO public."Sales"(	"SaleId", "BookId", "BookTypeId", "UserId", "Value", "EntryDateTime")	VALUES (182,6,	3,	3,	93, '2022-03-14 00:00:00');
INSERT INTO public."Sales"(	"SaleId", "BookId", "BookTypeId", "UserId", "Value", "EntryDateTime")	VALUES (183,1,	2,	3,	127, '2022-03-13 00:00:00');
INSERT INTO public."Sales"(	"SaleId", "BookId", "BookTypeId", "UserId", "Value", "EntryDateTime")	VALUES (184,2,	3,	2,	193, '2022-03-12 00:00:00');
INSERT INTO public."Sales"(	"SaleId", "BookId", "BookTypeId", "UserId", "Value", "EntryDateTime")	VALUES (185,1,	4,	1,	176, '2022-03-11 00:00:00');
INSERT INTO public."Sales"(	"SaleId", "BookId", "BookTypeId", "UserId", "Value", "EntryDateTime")	VALUES (186,5,	4,	3,	171, '2022-03-10 00:00:00');
INSERT INTO public."Sales"(	"SaleId", "BookId", "BookTypeId", "UserId", "Value", "EntryDateTime")	VALUES (187,1,	3,	1,	22, '2022-03-09 00:00:00');
INSERT INTO public."Sales"(	"SaleId", "BookId", "BookTypeId", "UserId", "Value", "EntryDateTime")	VALUES (188,6,	2,	2,	121, '2022-03-08 00:00:00');
INSERT INTO public."Sales"(	"SaleId", "BookId", "BookTypeId", "UserId", "Value", "EntryDateTime")	VALUES (189,1,	3,	3,	135, '2022-03-07 00:00:00');
INSERT INTO public."Sales"(	"SaleId", "BookId", "BookTypeId", "UserId", "Value", "EntryDateTime")	VALUES (190,4,	3,	3,	114, '2022-03-06 00:00:00');
INSERT INTO public."Sales"(	"SaleId", "BookId", "BookTypeId", "UserId", "Value", "EntryDateTime")	VALUES (191,1,	3,	3,	82, '2022-03-05 00:00:00');
INSERT INTO public."Sales"(	"SaleId", "BookId", "BookTypeId", "UserId", "Value", "EntryDateTime")	VALUES (192,3,	1,	1,	170, '2022-03-04 00:00:00');
INSERT INTO public."Sales"(	"SaleId", "BookId", "BookTypeId", "UserId", "Value", "EntryDateTime")	VALUES (193,4,	1,	3,	77, '2022-03-03 00:00:00');
INSERT INTO public."Sales"(	"SaleId", "BookId", "BookTypeId", "UserId", "Value", "EntryDateTime")	VALUES (194,6,	4,	2,	157, '2022-03-02 00:00:00');
INSERT INTO public."Sales"(	"SaleId", "BookId", "BookTypeId", "UserId", "Value", "EntryDateTime")	VALUES (195,2,	3,	2,	133, '2022-03-01 00:00:00');
INSERT INTO public."Sales"(	"SaleId", "BookId", "BookTypeId", "UserId", "Value", "EntryDateTime")	VALUES (196,3,	4,	3,	116, '2022-02-28 00:00:00');
INSERT INTO public."Sales"(	"SaleId", "BookId", "BookTypeId", "UserId", "Value", "EntryDateTime")	VALUES (197,5,	3,	1,	78, '2022-02-27 00:00:00');
INSERT INTO public."Sales"(	"SaleId", "BookId", "BookTypeId", "UserId", "Value", "EntryDateTime")	VALUES (198,7,	3,	1,	163, '2022-02-26 00:00:00');
INSERT INTO public."Sales"(	"SaleId", "BookId", "BookTypeId", "UserId", "Value", "EntryDateTime")	VALUES (199,5,	2,	1,	117, '2022-02-25 00:00:00');
INSERT INTO public."Sales"(	"SaleId", "BookId", "BookTypeId", "UserId", "Value", "EntryDateTime")	VALUES (200,6,	2,	1,	59, '2022-02-24 00:00:00');
INSERT INTO public."Sales"(	"SaleId", "BookId", "BookTypeId", "UserId", "Value", "EntryDateTime")	VALUES (201,2,	1,	1,	173, '2022-02-23 00:00:00');
INSERT INTO public."Sales"(	"SaleId", "BookId", "BookTypeId", "UserId", "Value", "EntryDateTime")	VALUES (202,4,	4,	3,	129, '2022-02-22 00:00:00');
INSERT INTO public."Sales"(	"SaleId", "BookId", "BookTypeId", "UserId", "Value", "EntryDateTime")	VALUES (203,3,	2,	1,	33, '2022-02-21 00:00:00');
INSERT INTO public."Sales"(	"SaleId", "BookId", "BookTypeId", "UserId", "Value", "EntryDateTime")	VALUES (204,5,	2,	2,	110, '2022-02-20 00:00:00');
INSERT INTO public."Sales"(	"SaleId", "BookId", "BookTypeId", "UserId", "Value", "EntryDateTime")	VALUES (205,2,	4,	3,	87, '2022-02-19 00:00:00');
INSERT INTO public."Sales"(	"SaleId", "BookId", "BookTypeId", "UserId", "Value", "EntryDateTime")	VALUES (206,3,	1,	1,	198, '2022-02-18 00:00:00');
INSERT INTO public."Sales"(	"SaleId", "BookId", "BookTypeId", "UserId", "Value", "EntryDateTime")	VALUES (207,6,	3,	3,	156, '2022-02-17 00:00:00');
INSERT INTO public."Sales"(	"SaleId", "BookId", "BookTypeId", "UserId", "Value", "EntryDateTime")	VALUES (208,7,	4,	1,	71, '2022-02-16 00:00:00');
INSERT INTO public."Sales"(	"SaleId", "BookId", "BookTypeId", "UserId", "Value", "EntryDateTime")	VALUES (209,5,	3,	1,	48, '2022-02-15 00:00:00');
INSERT INTO public."Sales"(	"SaleId", "BookId", "BookTypeId", "UserId", "Value", "EntryDateTime")	VALUES (210,3,	3,	2,	121, '2022-02-14 00:00:00');
INSERT INTO public."Sales"(	"SaleId", "BookId", "BookTypeId", "UserId", "Value", "EntryDateTime")	VALUES (211,7,	2,	3,	103, '2022-02-13 00:00:00');
INSERT INTO public."Sales"(	"SaleId", "BookId", "BookTypeId", "UserId", "Value", "EntryDateTime")	VALUES (212,5,	4,	2,	117, '2022-02-12 00:00:00');
INSERT INTO public."Sales"(	"SaleId", "BookId", "BookTypeId", "UserId", "Value", "EntryDateTime")	VALUES (213,7,	3,	2,	160, '2022-02-11 00:00:00');
INSERT INTO public."Sales"(	"SaleId", "BookId", "BookTypeId", "UserId", "Value", "EntryDateTime")	VALUES (214,6,	1,	1,	177, '2022-02-10 00:00:00');
INSERT INTO public."Sales"(	"SaleId", "BookId", "BookTypeId", "UserId", "Value", "EntryDateTime")	VALUES (215,7,	1,	2,	107, '2022-02-09 00:00:00');
INSERT INTO public."Sales"(	"SaleId", "BookId", "BookTypeId", "UserId", "Value", "EntryDateTime")	VALUES (216,3,	1,	2,	50, '2022-02-08 00:00:00');
INSERT INTO public."Sales"(	"SaleId", "BookId", "BookTypeId", "UserId", "Value", "EntryDateTime")	VALUES (217,5,	1,	1,	178, '2022-02-07 00:00:00');
INSERT INTO public."Sales"(	"SaleId", "BookId", "BookTypeId", "UserId", "Value", "EntryDateTime")	VALUES (218,3,	1,	2,	181, '2022-02-06 00:00:00');
INSERT INTO public."Sales"(	"SaleId", "BookId", "BookTypeId", "UserId", "Value", "EntryDateTime")	VALUES (219,5,	2,	3,	21, '2022-02-05 00:00:00');
INSERT INTO public."Sales"(	"SaleId", "BookId", "BookTypeId", "UserId", "Value", "EntryDateTime")	VALUES (220,3,	3,	3,	172, '2022-02-04 00:00:00');
INSERT INTO public."Sales"(	"SaleId", "BookId", "BookTypeId", "UserId", "Value", "EntryDateTime")	VALUES (221,2,	4,	3,	131, '2022-02-03 00:00:00');
INSERT INTO public."Sales"(	"SaleId", "BookId", "BookTypeId", "UserId", "Value", "EntryDateTime")	VALUES (222,3,	3,	2,	118, '2022-02-02 00:00:00');
INSERT INTO public."Sales"(	"SaleId", "BookId", "BookTypeId", "UserId", "Value", "EntryDateTime")	VALUES (223,3,	3,	2,	122, '2022-02-01 00:00:00');
INSERT INTO public."Sales"(	"SaleId", "BookId", "BookTypeId", "UserId", "Value", "EntryDateTime")	VALUES (224,5,	1,	3,	52, '2022-01-31 00:00:00');
INSERT INTO public."Sales"(	"SaleId", "BookId", "BookTypeId", "UserId", "Value", "EntryDateTime")	VALUES (225,3,	3,	1,	193, '2022-01-30 00:00:00');
INSERT INTO public."Sales"(	"SaleId", "BookId", "BookTypeId", "UserId", "Value", "EntryDateTime")	VALUES (226,7,	2,	3,	45, '2022-01-29 00:00:00');
INSERT INTO public."Sales"(	"SaleId", "BookId", "BookTypeId", "UserId", "Value", "EntryDateTime")	VALUES (227,4,	2,	1,	58, '2022-01-28 00:00:00');
INSERT INTO public."Sales"(	"SaleId", "BookId", "BookTypeId", "UserId", "Value", "EntryDateTime")	VALUES (228,6,	1,	3,	48, '2022-01-27 00:00:00');
INSERT INTO public."Sales"(	"SaleId", "BookId", "BookTypeId", "UserId", "Value", "EntryDateTime")	VALUES (229,3,	4,	1,	23, '2022-01-26 00:00:00');
INSERT INTO public."Sales"(	"SaleId", "BookId", "BookTypeId", "UserId", "Value", "EntryDateTime")	VALUES (230,2,	1,	2,	87, '2022-01-25 00:00:00');
INSERT INTO public."Sales"(	"SaleId", "BookId", "BookTypeId", "UserId", "Value", "EntryDateTime")	VALUES (231,6,	2,	3,	100, '2022-01-24 00:00:00');
INSERT INTO public."Sales"(	"SaleId", "BookId", "BookTypeId", "UserId", "Value", "EntryDateTime")	VALUES (232,1,	3,	1,	68, '2022-01-23 00:00:00');
INSERT INTO public."Sales"(	"SaleId", "BookId", "BookTypeId", "UserId", "Value", "EntryDateTime")	VALUES (233,1,	1,	2,	121, '2022-01-22 00:00:00');
INSERT INTO public."Sales"(	"SaleId", "BookId", "BookTypeId", "UserId", "Value", "EntryDateTime")	VALUES (234,4,	2,	3,	187, '2022-01-21 00:00:00');
INSERT INTO public."Sales"(	"SaleId", "BookId", "BookTypeId", "UserId", "Value", "EntryDateTime")	VALUES (235,6,	1,	3,	26, '2022-01-20 00:00:00');
INSERT INTO public."Sales"(	"SaleId", "BookId", "BookTypeId", "UserId", "Value", "EntryDateTime")	VALUES (236,7,	3,	3,	164, '2022-01-19 00:00:00');
INSERT INTO public."Sales"(	"SaleId", "BookId", "BookTypeId", "UserId", "Value", "EntryDateTime")	VALUES (237,1,	3,	2,	86, '2022-01-18 00:00:00');
INSERT INTO public."Sales"(	"SaleId", "BookId", "BookTypeId", "UserId", "Value", "EntryDateTime")	VALUES (238,2,	1,	3,	90, '2022-01-17 00:00:00');
INSERT INTO public."Sales"(	"SaleId", "BookId", "BookTypeId", "UserId", "Value", "EntryDateTime")	VALUES (239,6,	1,	1,	32, '2022-01-16 00:00:00');
INSERT INTO public."Sales"(	"SaleId", "BookId", "BookTypeId", "UserId", "Value", "EntryDateTime")	VALUES (240,2,	2,	2,	68, '2022-01-15 00:00:00');
INSERT INTO public."Sales"(	"SaleId", "BookId", "BookTypeId", "UserId", "Value", "EntryDateTime")	VALUES (241,5,	1,	3,	73, '2022-01-14 00:00:00');
INSERT INTO public."Sales"(	"SaleId", "BookId", "BookTypeId", "UserId", "Value", "EntryDateTime")	VALUES (242,2,	1,	1,	111, '2022-01-13 00:00:00');
INSERT INTO public."Sales"(	"SaleId", "BookId", "BookTypeId", "UserId", "Value", "EntryDateTime")	VALUES (243,1,	1,	1,	190, '2022-01-12 00:00:00');
INSERT INTO public."Sales"(	"SaleId", "BookId", "BookTypeId", "UserId", "Value", "EntryDateTime")	VALUES (244,4,	4,	2,	186, '2022-01-11 00:00:00');
INSERT INTO public."Sales"(	"SaleId", "BookId", "BookTypeId", "UserId", "Value", "EntryDateTime")	VALUES (245,3,	2,	2,	108, '2022-01-10 00:00:00');
INSERT INTO public."Sales"(	"SaleId", "BookId", "BookTypeId", "UserId", "Value", "EntryDateTime")	VALUES (246,2,	1,	1,	152, '2022-01-09 00:00:00');
INSERT INTO public."Sales"(	"SaleId", "BookId", "BookTypeId", "UserId", "Value", "EntryDateTime")	VALUES (247,2,	4,	3,	71, '2022-01-08 00:00:00');
INSERT INTO public."Sales"(	"SaleId", "BookId", "BookTypeId", "UserId", "Value", "EntryDateTime")	VALUES (248,7,	3,	3,	44, '2022-01-07 00:00:00');
INSERT INTO public."Sales"(	"SaleId", "BookId", "BookTypeId", "UserId", "Value", "EntryDateTime")	VALUES (249,1,	1,	2,	142, '2022-01-06 00:00:00');
INSERT INTO public."Sales"(	"SaleId", "BookId", "BookTypeId", "UserId", "Value", "EntryDateTime")	VALUES (250,7,	3,	1,	190, '2022-01-05 00:00:00');
INSERT INTO public."Sales"(	"SaleId", "BookId", "BookTypeId", "UserId", "Value", "EntryDateTime")	VALUES (251,5,	3,	3,	78, '2022-01-04 00:00:00');
INSERT INTO public."Sales"(	"SaleId", "BookId", "BookTypeId", "UserId", "Value", "EntryDateTime")	VALUES (252,6,	4,	1,	188, '2022-01-03 00:00:00');
INSERT INTO public."Sales"(	"SaleId", "BookId", "BookTypeId", "UserId", "Value", "EntryDateTime")	VALUES (253,7,	2,	1,	195, '2022-01-02 00:00:00');
INSERT INTO public."Sales"(	"SaleId", "BookId", "BookTypeId", "UserId", "Value", "EntryDateTime")	VALUES (254,3,	1,	2,	185, '2022-01-01 00:00:00');
INSERT INTO public."Sales"(	"SaleId", "BookId", "BookTypeId", "UserId", "Value", "EntryDateTime")	VALUES (255,5,	3,	2,	59, '2022-09-11 00:00:00');
INSERT INTO public."Sales"(	"SaleId", "BookId", "BookTypeId", "UserId", "Value", "EntryDateTime")	VALUES (256,4,	1,	3,	82, '2022-09-10 00:00:00');
INSERT INTO public."Sales"(	"SaleId", "BookId", "BookTypeId", "UserId", "Value", "EntryDateTime")	VALUES (257,1,	4,	2,	119, '2022-09-09 00:00:00');
INSERT INTO public."Sales"(	"SaleId", "BookId", "BookTypeId", "UserId", "Value", "EntryDateTime")	VALUES (258,6,	4,	2,	146, '2022-09-08 00:00:00');
INSERT INTO public."Sales"(	"SaleId", "BookId", "BookTypeId", "UserId", "Value", "EntryDateTime")	VALUES (259,1,	3,	2,	33, '2022-09-07 00:00:00');
INSERT INTO public."Sales"(	"SaleId", "BookId", "BookTypeId", "UserId", "Value", "EntryDateTime")	VALUES (260,3,	4,	3,	86, '2022-09-06 00:00:00');
INSERT INTO public."Sales"(	"SaleId", "BookId", "BookTypeId", "UserId", "Value", "EntryDateTime")	VALUES (261,7,	4,	3,	117, '2022-09-05 00:00:00');
INSERT INTO public."Sales"(	"SaleId", "BookId", "BookTypeId", "UserId", "Value", "EntryDateTime")	VALUES (262,5,	4,	2,	102, '2022-09-04 00:00:00');
INSERT INTO public."Sales"(	"SaleId", "BookId", "BookTypeId", "UserId", "Value", "EntryDateTime")	VALUES (263,2,	2,	1,	112, '2022-09-03 00:00:00');
INSERT INTO public."Sales"(	"SaleId", "BookId", "BookTypeId", "UserId", "Value", "EntryDateTime")	VALUES (264,6,	3,	2,	144, '2022-09-02 00:00:00');
INSERT INTO public."Sales"(	"SaleId", "BookId", "BookTypeId", "UserId", "Value", "EntryDateTime")	VALUES (265,4,	4,	2,	95, '2022-09-01 00:00:00');
INSERT INTO public."Sales"(	"SaleId", "BookId", "BookTypeId", "UserId", "Value", "EntryDateTime")	VALUES (266,7,	1,	1,	180, '2022-08-31 00:00:00');
INSERT INTO public."Sales"(	"SaleId", "BookId", "BookTypeId", "UserId", "Value", "EntryDateTime")	VALUES (267,3,	2,	1,	70, '2022-08-30 00:00:00');
INSERT INTO public."Sales"(	"SaleId", "BookId", "BookTypeId", "UserId", "Value", "EntryDateTime")	VALUES (268,6,	2,	1,	151, '2022-08-29 00:00:00');
INSERT INTO public."Sales"(	"SaleId", "BookId", "BookTypeId", "UserId", "Value", "EntryDateTime")	VALUES (269,2,	3,	1,	189, '2022-08-28 00:00:00');
INSERT INTO public."Sales"(	"SaleId", "BookId", "BookTypeId", "UserId", "Value", "EntryDateTime")	VALUES (270,1,	3,	2,	84, '2022-08-27 00:00:00');
INSERT INTO public."Sales"(	"SaleId", "BookId", "BookTypeId", "UserId", "Value", "EntryDateTime")	VALUES (271,1,	1,	1,	152, '2022-08-26 00:00:00');
INSERT INTO public."Sales"(	"SaleId", "BookId", "BookTypeId", "UserId", "Value", "EntryDateTime")	VALUES (272,6,	4,	1,	73, '2022-08-25 00:00:00');
INSERT INTO public."Sales"(	"SaleId", "BookId", "BookTypeId", "UserId", "Value", "EntryDateTime")	VALUES (273,4,	3,	1,	34, '2022-08-24 00:00:00');
INSERT INTO public."Sales"(	"SaleId", "BookId", "BookTypeId", "UserId", "Value", "EntryDateTime")	VALUES (274,1,	4,	3,	89, '2022-08-23 00:00:00');
INSERT INTO public."Sales"(	"SaleId", "BookId", "BookTypeId", "UserId", "Value", "EntryDateTime")	VALUES (275,7,	4,	1,	20, '2022-08-22 00:00:00');
INSERT INTO public."Sales"(	"SaleId", "BookId", "BookTypeId", "UserId", "Value", "EntryDateTime")	VALUES (276,3,	3,	3,	70, '2022-08-21 00:00:00');
INSERT INTO public."Sales"(	"SaleId", "BookId", "BookTypeId", "UserId", "Value", "EntryDateTime")	VALUES (277,6,	2,	1,	108, '2022-08-20 00:00:00');
INSERT INTO public."Sales"(	"SaleId", "BookId", "BookTypeId", "UserId", "Value", "EntryDateTime")	VALUES (278,6,	2,	1,	149, '2022-08-19 00:00:00');
INSERT INTO public."Sales"(	"SaleId", "BookId", "BookTypeId", "UserId", "Value", "EntryDateTime")	VALUES (279,7,	4,	1,	174, '2022-08-18 00:00:00');
INSERT INTO public."Sales"(	"SaleId", "BookId", "BookTypeId", "UserId", "Value", "EntryDateTime")	VALUES (280,7,	1,	2,	24, '2022-08-17 00:00:00');
INSERT INTO public."Sales"(	"SaleId", "BookId", "BookTypeId", "UserId", "Value", "EntryDateTime")	VALUES (281,7,	1,	1,	24, '2022-08-16 00:00:00');
INSERT INTO public."Sales"(	"SaleId", "BookId", "BookTypeId", "UserId", "Value", "EntryDateTime")	VALUES (282,7,	4,	1,	40, '2022-08-15 00:00:00');
INSERT INTO public."Sales"(	"SaleId", "BookId", "BookTypeId", "UserId", "Value", "EntryDateTime")	VALUES (283,7,	2,	1,	169, '2022-08-14 00:00:00');
INSERT INTO public."Sales"(	"SaleId", "BookId", "BookTypeId", "UserId", "Value", "EntryDateTime")	VALUES (284,4,	2,	2,	45, '2022-08-13 00:00:00');
INSERT INTO public."Sales"(	"SaleId", "BookId", "BookTypeId", "UserId", "Value", "EntryDateTime")	VALUES (285,7,	3,	1,	108, '2022-08-12 00:00:00');
INSERT INTO public."Sales"(	"SaleId", "BookId", "BookTypeId", "UserId", "Value", "EntryDateTime")	VALUES (286,5,	1,	1,	88, '2022-08-11 00:00:00');
INSERT INTO public."Sales"(	"SaleId", "BookId", "BookTypeId", "UserId", "Value", "EntryDateTime")	VALUES (287,5,	4,	3,	191, '2022-08-10 00:00:00');
INSERT INTO public."Sales"(	"SaleId", "BookId", "BookTypeId", "UserId", "Value", "EntryDateTime")	VALUES (288,6,	2,	2,	36, '2022-08-09 00:00:00');
INSERT INTO public."Sales"(	"SaleId", "BookId", "BookTypeId", "UserId", "Value", "EntryDateTime")	VALUES (289,4,	2,	3,	172, '2022-08-08 00:00:00');
INSERT INTO public."Sales"(	"SaleId", "BookId", "BookTypeId", "UserId", "Value", "EntryDateTime")	VALUES (290,2,	3,	3,	95, '2022-08-07 00:00:00');
INSERT INTO public."Sales"(	"SaleId", "BookId", "BookTypeId", "UserId", "Value", "EntryDateTime")	VALUES (291,4,	3,	2,	102, '2022-08-06 00:00:00');
INSERT INTO public."Sales"(	"SaleId", "BookId", "BookTypeId", "UserId", "Value", "EntryDateTime")	VALUES (292,2,	1,	2,	70, '2022-08-05 00:00:00');
INSERT INTO public."Sales"(	"SaleId", "BookId", "BookTypeId", "UserId", "Value", "EntryDateTime")	VALUES (293,7,	4,	3,	198, '2022-08-04 00:00:00');
INSERT INTO public."Sales"(	"SaleId", "BookId", "BookTypeId", "UserId", "Value", "EntryDateTime")	VALUES (294,3,	2,	1,	177, '2022-08-03 00:00:00');
INSERT INTO public."Sales"(	"SaleId", "BookId", "BookTypeId", "UserId", "Value", "EntryDateTime")	VALUES (295,1,	4,	2,	59, '2022-08-02 00:00:00');
INSERT INTO public."Sales"(	"SaleId", "BookId", "BookTypeId", "UserId", "Value", "EntryDateTime")	VALUES (296,2,	3,	3,	101, '2022-08-01 00:00:00');
INSERT INTO public."Sales"(	"SaleId", "BookId", "BookTypeId", "UserId", "Value", "EntryDateTime")	VALUES (297,6,	1,	1,	192, '2022-07-31 00:00:00');
INSERT INTO public."Sales"(	"SaleId", "BookId", "BookTypeId", "UserId", "Value", "EntryDateTime")	VALUES (298,2,	3,	3,	78, '2022-07-30 00:00:00');
INSERT INTO public."Sales"(	"SaleId", "BookId", "BookTypeId", "UserId", "Value", "EntryDateTime")	VALUES (299,4,	1,	3,	39, '2022-07-29 00:00:00');
INSERT INTO public."Sales"(	"SaleId", "BookId", "BookTypeId", "UserId", "Value", "EntryDateTime")	VALUES (300,6,	3,	1,	53, '2022-07-28 00:00:00');
INSERT INTO public."Sales"(	"SaleId", "BookId", "BookTypeId", "UserId", "Value", "EntryDateTime")	VALUES (301,1,	3,	3,	98, '2022-07-27 00:00:00');
INSERT INTO public."Sales"(	"SaleId", "BookId", "BookTypeId", "UserId", "Value", "EntryDateTime")	VALUES (302,2,	4,	2,	147, '2022-07-26 00:00:00');
INSERT INTO public."Sales"(	"SaleId", "BookId", "BookTypeId", "UserId", "Value", "EntryDateTime")	VALUES (303,4,	3,	1,	112, '2022-07-25 00:00:00');
INSERT INTO public."Sales"(	"SaleId", "BookId", "BookTypeId", "UserId", "Value", "EntryDateTime")	VALUES (304,3,	3,	3,	72, '2022-07-24 00:00:00');
INSERT INTO public."Sales"(	"SaleId", "BookId", "BookTypeId", "UserId", "Value", "EntryDateTime")	VALUES (305,4,	3,	1,	57, '2022-07-23 00:00:00');
INSERT INTO public."Sales"(	"SaleId", "BookId", "BookTypeId", "UserId", "Value", "EntryDateTime")	VALUES (306,1,	2,	1,	45, '2022-07-22 00:00:00');
INSERT INTO public."Sales"(	"SaleId", "BookId", "BookTypeId", "UserId", "Value", "EntryDateTime")	VALUES (307,2,	4,	1,	128, '2022-07-21 00:00:00');
INSERT INTO public."Sales"(	"SaleId", "BookId", "BookTypeId", "UserId", "Value", "EntryDateTime")	VALUES (308,4,	3,	1,	173, '2022-07-20 00:00:00');
INSERT INTO public."Sales"(	"SaleId", "BookId", "BookTypeId", "UserId", "Value", "EntryDateTime")	VALUES (309,7,	3,	2,	96, '2022-07-19 00:00:00');
INSERT INTO public."Sales"(	"SaleId", "BookId", "BookTypeId", "UserId", "Value", "EntryDateTime")	VALUES (310,4,	2,	1,	141, '2022-07-18 00:00:00');
INSERT INTO public."Sales"(	"SaleId", "BookId", "BookTypeId", "UserId", "Value", "EntryDateTime")	VALUES (311,1,	1,	2,	127, '2022-07-17 00:00:00');
INSERT INTO public."Sales"(	"SaleId", "BookId", "BookTypeId", "UserId", "Value", "EntryDateTime")	VALUES (312,7,	1,	3,	89, '2022-07-16 00:00:00');
INSERT INTO public."Sales"(	"SaleId", "BookId", "BookTypeId", "UserId", "Value", "EntryDateTime")	VALUES (313,2,	3,	2,	86, '2022-07-15 00:00:00');
INSERT INTO public."Sales"(	"SaleId", "BookId", "BookTypeId", "UserId", "Value", "EntryDateTime")	VALUES (314,7,	1,	3,	129, '2022-07-14 00:00:00');
INSERT INTO public."Sales"(	"SaleId", "BookId", "BookTypeId", "UserId", "Value", "EntryDateTime")	VALUES (315,4,	4,	3,	132, '2022-07-13 00:00:00');
INSERT INTO public."Sales"(	"SaleId", "BookId", "BookTypeId", "UserId", "Value", "EntryDateTime")	VALUES (316,1,	3,	3,	41, '2022-07-12 00:00:00');
INSERT INTO public."Sales"(	"SaleId", "BookId", "BookTypeId", "UserId", "Value", "EntryDateTime")	VALUES (317,3,	2,	2,	29, '2022-07-11 00:00:00');
INSERT INTO public."Sales"(	"SaleId", "BookId", "BookTypeId", "UserId", "Value", "EntryDateTime")	VALUES (318,7,	1,	2,	183, '2022-07-10 00:00:00');
INSERT INTO public."Sales"(	"SaleId", "BookId", "BookTypeId", "UserId", "Value", "EntryDateTime")	VALUES (319,7,	2,	1,	123, '2022-07-09 00:00:00');
INSERT INTO public."Sales"(	"SaleId", "BookId", "BookTypeId", "UserId", "Value", "EntryDateTime")	VALUES (320,1,	4,	2,	96, '2022-07-08 00:00:00');
INSERT INTO public."Sales"(	"SaleId", "BookId", "BookTypeId", "UserId", "Value", "EntryDateTime")	VALUES (321,2,	2,	2,	177, '2022-07-07 00:00:00');
INSERT INTO public."Sales"(	"SaleId", "BookId", "BookTypeId", "UserId", "Value", "EntryDateTime")	VALUES (322,1,	3,	1,	156, '2022-07-06 00:00:00');
INSERT INTO public."Sales"(	"SaleId", "BookId", "BookTypeId", "UserId", "Value", "EntryDateTime")	VALUES (323,2,	3,	3,	42, '2022-07-05 00:00:00');
INSERT INTO public."Sales"(	"SaleId", "BookId", "BookTypeId", "UserId", "Value", "EntryDateTime")	VALUES (324,5,	4,	3,	162, '2022-07-04 00:00:00');
INSERT INTO public."Sales"(	"SaleId", "BookId", "BookTypeId", "UserId", "Value", "EntryDateTime")	VALUES (325,4,	1,	1,	59, '2022-07-03 00:00:00');
INSERT INTO public."Sales"(	"SaleId", "BookId", "BookTypeId", "UserId", "Value", "EntryDateTime")	VALUES (326,2,	4,	1,	95, '2022-07-02 00:00:00');
INSERT INTO public."Sales"(	"SaleId", "BookId", "BookTypeId", "UserId", "Value", "EntryDateTime")	VALUES (327,6,	3,	1,	54, '2022-07-01 00:00:00');
INSERT INTO public."Sales"(	"SaleId", "BookId", "BookTypeId", "UserId", "Value", "EntryDateTime")	VALUES (328,7,	1,	2,	137, '2022-06-30 00:00:00');
INSERT INTO public."Sales"(	"SaleId", "BookId", "BookTypeId", "UserId", "Value", "EntryDateTime")	VALUES (329,2,	4,	2,	80, '2022-06-29 00:00:00');
INSERT INTO public."Sales"(	"SaleId", "BookId", "BookTypeId", "UserId", "Value", "EntryDateTime")	VALUES (330,4,	4,	2,	88, '2022-06-28 00:00:00');
INSERT INTO public."Sales"(	"SaleId", "BookId", "BookTypeId", "UserId", "Value", "EntryDateTime")	VALUES (331,5,	3,	1,	75, '2022-06-27 00:00:00');
INSERT INTO public."Sales"(	"SaleId", "BookId", "BookTypeId", "UserId", "Value", "EntryDateTime")	VALUES (332,3,	2,	1,	124, '2022-06-26 00:00:00');
INSERT INTO public."Sales"(	"SaleId", "BookId", "BookTypeId", "UserId", "Value", "EntryDateTime")	VALUES (333,2,	4,	2,	46, '2022-06-25 00:00:00');
INSERT INTO public."Sales"(	"SaleId", "BookId", "BookTypeId", "UserId", "Value", "EntryDateTime")	VALUES (334,2,	3,	3,	66, '2022-06-24 00:00:00');
INSERT INTO public."Sales"(	"SaleId", "BookId", "BookTypeId", "UserId", "Value", "EntryDateTime")	VALUES (335,4,	2,	2,	157, '2022-06-23 00:00:00');
INSERT INTO public."Sales"(	"SaleId", "BookId", "BookTypeId", "UserId", "Value", "EntryDateTime")	VALUES (336,4,	4,	2,	20, '2022-06-22 00:00:00');
INSERT INTO public."Sales"(	"SaleId", "BookId", "BookTypeId", "UserId", "Value", "EntryDateTime")	VALUES (337,7,	4,	1,	177, '2022-06-21 00:00:00');
INSERT INTO public."Sales"(	"SaleId", "BookId", "BookTypeId", "UserId", "Value", "EntryDateTime")	VALUES (338,1,	3,	1,	35, '2022-06-20 00:00:00');
INSERT INTO public."Sales"(	"SaleId", "BookId", "BookTypeId", "UserId", "Value", "EntryDateTime")	VALUES (339,7,	1,	3,	98, '2022-06-19 00:00:00');
INSERT INTO public."Sales"(	"SaleId", "BookId", "BookTypeId", "UserId", "Value", "EntryDateTime")	VALUES (340,6,	2,	3,	185, '2022-06-18 00:00:00');
INSERT INTO public."Sales"(	"SaleId", "BookId", "BookTypeId", "UserId", "Value", "EntryDateTime")	VALUES (341,3,	2,	1,	90, '2022-06-17 00:00:00');
INSERT INTO public."Sales"(	"SaleId", "BookId", "BookTypeId", "UserId", "Value", "EntryDateTime")	VALUES (342,1,	3,	1,	181, '2022-06-16 00:00:00');
INSERT INTO public."Sales"(	"SaleId", "BookId", "BookTypeId", "UserId", "Value", "EntryDateTime")	VALUES (343,3,	4,	3,	126, '2022-06-15 00:00:00');
INSERT INTO public."Sales"(	"SaleId", "BookId", "BookTypeId", "UserId", "Value", "EntryDateTime")	VALUES (344,1,	1,	2,	132, '2022-06-14 00:00:00');
INSERT INTO public."Sales"(	"SaleId", "BookId", "BookTypeId", "UserId", "Value", "EntryDateTime")	VALUES (345,2,	2,	1,	110, '2022-06-13 00:00:00');
INSERT INTO public."Sales"(	"SaleId", "BookId", "BookTypeId", "UserId", "Value", "EntryDateTime")	VALUES (346,5,	3,	1,	34, '2022-06-12 00:00:00');
INSERT INTO public."Sales"(	"SaleId", "BookId", "BookTypeId", "UserId", "Value", "EntryDateTime")	VALUES (347,7,	1,	1,	176, '2022-06-11 00:00:00');
INSERT INTO public."Sales"(	"SaleId", "BookId", "BookTypeId", "UserId", "Value", "EntryDateTime")	VALUES (348,1,	1,	2,	28, '2022-06-10 00:00:00');
INSERT INTO public."Sales"(	"SaleId", "BookId", "BookTypeId", "UserId", "Value", "EntryDateTime")	VALUES (349,5,	1,	3,	58, '2022-06-09 00:00:00');
INSERT INTO public."Sales"(	"SaleId", "BookId", "BookTypeId", "UserId", "Value", "EntryDateTime")	VALUES (350,3,	3,	1,	141, '2022-06-08 00:00:00');
INSERT INTO public."Sales"(	"SaleId", "BookId", "BookTypeId", "UserId", "Value", "EntryDateTime")	VALUES (351,4,	1,	3,	155, '2022-06-07 00:00:00');
INSERT INTO public."Sales"(	"SaleId", "BookId", "BookTypeId", "UserId", "Value", "EntryDateTime")	VALUES (352,5,	3,	2,	77, '2022-06-06 00:00:00');
INSERT INTO public."Sales"(	"SaleId", "BookId", "BookTypeId", "UserId", "Value", "EntryDateTime")	VALUES (353,3,	2,	3,	159, '2022-06-05 00:00:00');
INSERT INTO public."Sales"(	"SaleId", "BookId", "BookTypeId", "UserId", "Value", "EntryDateTime")	VALUES (354,3,	4,	3,	147, '2022-06-04 00:00:00');
INSERT INTO public."Sales"(	"SaleId", "BookId", "BookTypeId", "UserId", "Value", "EntryDateTime")	VALUES (355,3,	4,	1,	127, '2022-06-03 00:00:00');
INSERT INTO public."Sales"(	"SaleId", "BookId", "BookTypeId", "UserId", "Value", "EntryDateTime")	VALUES (356,2,	1,	3,	175, '2022-06-02 00:00:00');
INSERT INTO public."Sales"(	"SaleId", "BookId", "BookTypeId", "UserId", "Value", "EntryDateTime")	VALUES (357,6,	2,	1,	125, '2022-06-01 00:00:00');
INSERT INTO public."Sales"(	"SaleId", "BookId", "BookTypeId", "UserId", "Value", "EntryDateTime")	VALUES (358,7,	2,	2,	192, '2022-05-31 00:00:00');
INSERT INTO public."Sales"(	"SaleId", "BookId", "BookTypeId", "UserId", "Value", "EntryDateTime")	VALUES (359,1,	4,	3,	97, '2022-05-30 00:00:00');
INSERT INTO public."Sales"(	"SaleId", "BookId", "BookTypeId", "UserId", "Value", "EntryDateTime")	VALUES (360,7,	2,	1,	103, '2022-05-29 00:00:00');
INSERT INTO public."Sales"(	"SaleId", "BookId", "BookTypeId", "UserId", "Value", "EntryDateTime")	VALUES (361,3,	1,	1,	124, '2022-05-28 00:00:00');
INSERT INTO public."Sales"(	"SaleId", "BookId", "BookTypeId", "UserId", "Value", "EntryDateTime")	VALUES (362,4,	2,	1,	149, '2022-05-27 00:00:00');
INSERT INTO public."Sales"(	"SaleId", "BookId", "BookTypeId", "UserId", "Value", "EntryDateTime")	VALUES (363,5,	4,	3,	138, '2022-05-26 00:00:00');
INSERT INTO public."Sales"(	"SaleId", "BookId", "BookTypeId", "UserId", "Value", "EntryDateTime")	VALUES (364,1,	1,	2,	23, '2022-05-25 00:00:00');
INSERT INTO public."Sales"(	"SaleId", "BookId", "BookTypeId", "UserId", "Value", "EntryDateTime")	VALUES (365,2,	4,	2,	183, '2022-05-24 00:00:00');
INSERT INTO public."Sales"(	"SaleId", "BookId", "BookTypeId", "UserId", "Value", "EntryDateTime")	VALUES (366,1,	1,	3,	122, '2022-05-23 00:00:00');
INSERT INTO public."Sales"(	"SaleId", "BookId", "BookTypeId", "UserId", "Value", "EntryDateTime")	VALUES (367,4,	3,	1,	191, '2022-05-22 00:00:00');
INSERT INTO public."Sales"(	"SaleId", "BookId", "BookTypeId", "UserId", "Value", "EntryDateTime")	VALUES (368,7,	2,	3,	166, '2022-05-21 00:00:00');
INSERT INTO public."Sales"(	"SaleId", "BookId", "BookTypeId", "UserId", "Value", "EntryDateTime")	VALUES (369,4,	4,	3,	120, '2022-05-20 00:00:00');
INSERT INTO public."Sales"(	"SaleId", "BookId", "BookTypeId", "UserId", "Value", "EntryDateTime")	VALUES (370,7,	2,	3,	122, '2022-05-19 00:00:00');
INSERT INTO public."Sales"(	"SaleId", "BookId", "BookTypeId", "UserId", "Value", "EntryDateTime")	VALUES (371,5,	4,	1,	145, '2022-05-18 00:00:00');
INSERT INTO public."Sales"(	"SaleId", "BookId", "BookTypeId", "UserId", "Value", "EntryDateTime")	VALUES (372,2,	4,	1,	27, '2022-05-17 00:00:00');
INSERT INTO public."Sales"(	"SaleId", "BookId", "BookTypeId", "UserId", "Value", "EntryDateTime")	VALUES (373,4,	1,	3,	138, '2022-05-16 00:00:00');
INSERT INTO public."Sales"(	"SaleId", "BookId", "BookTypeId", "UserId", "Value", "EntryDateTime")	VALUES (374,5,	1,	2,	128, '2022-05-15 00:00:00');
INSERT INTO public."Sales"(	"SaleId", "BookId", "BookTypeId", "UserId", "Value", "EntryDateTime")	VALUES (375,4,	3,	3,	156, '2022-05-14 00:00:00');
INSERT INTO public."Sales"(	"SaleId", "BookId", "BookTypeId", "UserId", "Value", "EntryDateTime")	VALUES (376,2,	1,	1,	173, '2022-05-13 00:00:00');
INSERT INTO public."Sales"(	"SaleId", "BookId", "BookTypeId", "UserId", "Value", "EntryDateTime")	VALUES (377,1,	4,	1,	85, '2022-05-12 00:00:00');
INSERT INTO public."Sales"(	"SaleId", "BookId", "BookTypeId", "UserId", "Value", "EntryDateTime")	VALUES (378,6,	1,	1,	52, '2022-05-11 00:00:00');
INSERT INTO public."Sales"(	"SaleId", "BookId", "BookTypeId", "UserId", "Value", "EntryDateTime")	VALUES (379,2,	3,	1,	78, '2022-05-10 00:00:00');
INSERT INTO public."Sales"(	"SaleId", "BookId", "BookTypeId", "UserId", "Value", "EntryDateTime")	VALUES (380,2,	3,	1,	31, '2022-05-09 00:00:00');
INSERT INTO public."Sales"(	"SaleId", "BookId", "BookTypeId", "UserId", "Value", "EntryDateTime")	VALUES (381,4,	4,	3,	46, '2022-05-08 00:00:00');
INSERT INTO public."Sales"(	"SaleId", "BookId", "BookTypeId", "UserId", "Value", "EntryDateTime")	VALUES (382,4,	4,	2,	61, '2022-05-07 00:00:00');
INSERT INTO public."Sales"(	"SaleId", "BookId", "BookTypeId", "UserId", "Value", "EntryDateTime")	VALUES (383,7,	2,	2,	66, '2022-05-06 00:00:00');
INSERT INTO public."Sales"(	"SaleId", "BookId", "BookTypeId", "UserId", "Value", "EntryDateTime")	VALUES (384,3,	1,	3,	189, '2022-05-05 00:00:00');
INSERT INTO public."Sales"(	"SaleId", "BookId", "BookTypeId", "UserId", "Value", "EntryDateTime")	VALUES (385,5,	4,	3,	186, '2022-05-04 00:00:00');
INSERT INTO public."Sales"(	"SaleId", "BookId", "BookTypeId", "UserId", "Value", "EntryDateTime")	VALUES (386,6,	4,	1,	128, '2022-05-03 00:00:00');
INSERT INTO public."Sales"(	"SaleId", "BookId", "BookTypeId", "UserId", "Value", "EntryDateTime")	VALUES (387,4,	4,	1,	129, '2022-05-02 00:00:00');
INSERT INTO public."Sales"(	"SaleId", "BookId", "BookTypeId", "UserId", "Value", "EntryDateTime")	VALUES (388,6,	2,	2,	184, '2022-05-01 00:00:00');
INSERT INTO public."Sales"(	"SaleId", "BookId", "BookTypeId", "UserId", "Value", "EntryDateTime")	VALUES (389,5,	3,	1,	58, '2022-04-30 00:00:00');
INSERT INTO public."Sales"(	"SaleId", "BookId", "BookTypeId", "UserId", "Value", "EntryDateTime")	VALUES (390,5,	3,	2,	89, '2022-04-29 00:00:00');
INSERT INTO public."Sales"(	"SaleId", "BookId", "BookTypeId", "UserId", "Value", "EntryDateTime")	VALUES (391,2,	3,	2,	140, '2022-04-28 00:00:00');
INSERT INTO public."Sales"(	"SaleId", "BookId", "BookTypeId", "UserId", "Value", "EntryDateTime")	VALUES (392,1,	3,	3,	97, '2022-04-27 00:00:00');
INSERT INTO public."Sales"(	"SaleId", "BookId", "BookTypeId", "UserId", "Value", "EntryDateTime")	VALUES (393,1,	4,	3,	80, '2022-04-26 00:00:00');
INSERT INTO public."Sales"(	"SaleId", "BookId", "BookTypeId", "UserId", "Value", "EntryDateTime")	VALUES (394,6,	3,	2,	89, '2022-04-25 00:00:00');
INSERT INTO public."Sales"(	"SaleId", "BookId", "BookTypeId", "UserId", "Value", "EntryDateTime")	VALUES (395,6,	3,	2,	177, '2022-04-24 00:00:00');
INSERT INTO public."Sales"(	"SaleId", "BookId", "BookTypeId", "UserId", "Value", "EntryDateTime")	VALUES (396,7,	3,	1,	140, '2022-04-23 00:00:00');
INSERT INTO public."Sales"(	"SaleId", "BookId", "BookTypeId", "UserId", "Value", "EntryDateTime")	VALUES (397,4,	1,	1,	29, '2022-04-22 00:00:00');
INSERT INTO public."Sales"(	"SaleId", "BookId", "BookTypeId", "UserId", "Value", "EntryDateTime")	VALUES (398,1,	1,	1,	142, '2022-04-21 00:00:00');
INSERT INTO public."Sales"(	"SaleId", "BookId", "BookTypeId", "UserId", "Value", "EntryDateTime")	VALUES (399,5,	4,	1,	23, '2022-04-20 00:00:00');
INSERT INTO public."Sales"(	"SaleId", "BookId", "BookTypeId", "UserId", "Value", "EntryDateTime")	VALUES (400,3,	4,	3,	117, '2022-04-19 00:00:00');
INSERT INTO public."Sales"(	"SaleId", "BookId", "BookTypeId", "UserId", "Value", "EntryDateTime")	VALUES (401,2,	4,	1,	131, '2022-04-18 00:00:00');
INSERT INTO public."Sales"(	"SaleId", "BookId", "BookTypeId", "UserId", "Value", "EntryDateTime")	VALUES (402,4,	2,	3,	23, '2022-04-17 00:00:00');
INSERT INTO public."Sales"(	"SaleId", "BookId", "BookTypeId", "UserId", "Value", "EntryDateTime")	VALUES (403,4,	1,	3,	174, '2022-04-16 00:00:00');
INSERT INTO public."Sales"(	"SaleId", "BookId", "BookTypeId", "UserId", "Value", "EntryDateTime")	VALUES (404,1,	4,	3,	57, '2022-04-15 00:00:00');
INSERT INTO public."Sales"(	"SaleId", "BookId", "BookTypeId", "UserId", "Value", "EntryDateTime")	VALUES (405,7,	4,	3,	39, '2022-04-14 00:00:00');
INSERT INTO public."Sales"(	"SaleId", "BookId", "BookTypeId", "UserId", "Value", "EntryDateTime")	VALUES (406,6,	3,	3,	121, '2022-04-13 00:00:00');
INSERT INTO public."Sales"(	"SaleId", "BookId", "BookTypeId", "UserId", "Value", "EntryDateTime")	VALUES (407,7,	2,	3,	58, '2022-04-12 00:00:00');
INSERT INTO public."Sales"(	"SaleId", "BookId", "BookTypeId", "UserId", "Value", "EntryDateTime")	VALUES (408,4,	4,	3,	199, '2022-04-11 00:00:00');
INSERT INTO public."Sales"(	"SaleId", "BookId", "BookTypeId", "UserId", "Value", "EntryDateTime")	VALUES (409,6,	4,	3,	40, '2022-04-10 00:00:00');
INSERT INTO public."Sales"(	"SaleId", "BookId", "BookTypeId", "UserId", "Value", "EntryDateTime")	VALUES (410,7,	3,	1,	56, '2022-04-09 00:00:00');
INSERT INTO public."Sales"(	"SaleId", "BookId", "BookTypeId", "UserId", "Value", "EntryDateTime")	VALUES (411,4,	4,	2,	103, '2022-04-08 00:00:00');
INSERT INTO public."Sales"(	"SaleId", "BookId", "BookTypeId", "UserId", "Value", "EntryDateTime")	VALUES (412,1,	2,	2,	105, '2022-04-07 00:00:00');
INSERT INTO public."Sales"(	"SaleId", "BookId", "BookTypeId", "UserId", "Value", "EntryDateTime")	VALUES (413,3,	4,	1,	191, '2022-04-06 00:00:00');
INSERT INTO public."Sales"(	"SaleId", "BookId", "BookTypeId", "UserId", "Value", "EntryDateTime")	VALUES (414,5,	1,	3,	138, '2022-04-05 00:00:00');
INSERT INTO public."Sales"(	"SaleId", "BookId", "BookTypeId", "UserId", "Value", "EntryDateTime")	VALUES (415,2,	4,	1,	171, '2022-04-04 00:00:00');
INSERT INTO public."Sales"(	"SaleId", "BookId", "BookTypeId", "UserId", "Value", "EntryDateTime")	VALUES (416,6,	2,	1,	58, '2022-04-03 00:00:00');
INSERT INTO public."Sales"(	"SaleId", "BookId", "BookTypeId", "UserId", "Value", "EntryDateTime")	VALUES (417,6,	4,	1,	169, '2022-04-02 00:00:00');
INSERT INTO public."Sales"(	"SaleId", "BookId", "BookTypeId", "UserId", "Value", "EntryDateTime")	VALUES (418,1,	4,	3,	169, '2022-04-01 00:00:00');
INSERT INTO public."Sales"(	"SaleId", "BookId", "BookTypeId", "UserId", "Value", "EntryDateTime")	VALUES (419,3,	4,	2,	45, '2022-03-31 00:00:00');
INSERT INTO public."Sales"(	"SaleId", "BookId", "BookTypeId", "UserId", "Value", "EntryDateTime")	VALUES (420,6,	2,	3,	64, '2022-03-30 00:00:00');
INSERT INTO public."Sales"(	"SaleId", "BookId", "BookTypeId", "UserId", "Value", "EntryDateTime")	VALUES (421,6,	4,	2,	97, '2022-03-29 00:00:00');
INSERT INTO public."Sales"(	"SaleId", "BookId", "BookTypeId", "UserId", "Value", "EntryDateTime")	VALUES (422,6,	4,	2,	98, '2022-03-28 00:00:00');
INSERT INTO public."Sales"(	"SaleId", "BookId", "BookTypeId", "UserId", "Value", "EntryDateTime")	VALUES (423,3,	4,	1,	193, '2022-03-27 00:00:00');
INSERT INTO public."Sales"(	"SaleId", "BookId", "BookTypeId", "UserId", "Value", "EntryDateTime")	VALUES (424,6,	4,	1,	73, '2022-03-26 00:00:00');
INSERT INTO public."Sales"(	"SaleId", "BookId", "BookTypeId", "UserId", "Value", "EntryDateTime")	VALUES (425,3,	1,	1,	48, '2022-03-25 00:00:00');
INSERT INTO public."Sales"(	"SaleId", "BookId", "BookTypeId", "UserId", "Value", "EntryDateTime")	VALUES (426,5,	2,	1,	31, '2022-03-24 00:00:00');
INSERT INTO public."Sales"(	"SaleId", "BookId", "BookTypeId", "UserId", "Value", "EntryDateTime")	VALUES (427,2,	4,	3,	144, '2022-03-23 00:00:00');
INSERT INTO public."Sales"(	"SaleId", "BookId", "BookTypeId", "UserId", "Value", "EntryDateTime")	VALUES (428,7,	4,	1,	101, '2022-03-22 00:00:00');
INSERT INTO public."Sales"(	"SaleId", "BookId", "BookTypeId", "UserId", "Value", "EntryDateTime")	VALUES (429,1,	4,	3,	197, '2022-03-21 00:00:00');
INSERT INTO public."Sales"(	"SaleId", "BookId", "BookTypeId", "UserId", "Value", "EntryDateTime")	VALUES (430,1,	1,	1,	90, '2022-03-20 00:00:00');
INSERT INTO public."Sales"(	"SaleId", "BookId", "BookTypeId", "UserId", "Value", "EntryDateTime")	VALUES (431,6,	2,	1,	190, '2022-03-19 00:00:00');
INSERT INTO public."Sales"(	"SaleId", "BookId", "BookTypeId", "UserId", "Value", "EntryDateTime")	VALUES (432,1,	2,	2,	198, '2022-03-18 00:00:00');
INSERT INTO public."Sales"(	"SaleId", "BookId", "BookTypeId", "UserId", "Value", "EntryDateTime")	VALUES (433,2,	1,	2,	114, '2022-03-17 00:00:00');
INSERT INTO public."Sales"(	"SaleId", "BookId", "BookTypeId", "UserId", "Value", "EntryDateTime")	VALUES (434,4,	2,	2,	134, '2022-03-16 00:00:00');
INSERT INTO public."Sales"(	"SaleId", "BookId", "BookTypeId", "UserId", "Value", "EntryDateTime")	VALUES (435,4,	1,	3,	78, '2022-03-15 00:00:00');
INSERT INTO public."Sales"(	"SaleId", "BookId", "BookTypeId", "UserId", "Value", "EntryDateTime")	VALUES (436,7,	4,	2,	43, '2022-03-14 00:00:00');
INSERT INTO public."Sales"(	"SaleId", "BookId", "BookTypeId", "UserId", "Value", "EntryDateTime")	VALUES (437,6,	2,	2,	143, '2022-03-13 00:00:00');
INSERT INTO public."Sales"(	"SaleId", "BookId", "BookTypeId", "UserId", "Value", "EntryDateTime")	VALUES (438,5,	1,	3,	141, '2022-03-12 00:00:00');
INSERT INTO public."Sales"(	"SaleId", "BookId", "BookTypeId", "UserId", "Value", "EntryDateTime")	VALUES (439,6,	1,	3,	103, '2022-03-11 00:00:00');
INSERT INTO public."Sales"(	"SaleId", "BookId", "BookTypeId", "UserId", "Value", "EntryDateTime")	VALUES (440,5,	1,	3,	60, '2022-03-10 00:00:00');
INSERT INTO public."Sales"(	"SaleId", "BookId", "BookTypeId", "UserId", "Value", "EntryDateTime")	VALUES (441,7,	2,	1,	159, '2022-03-09 00:00:00');
INSERT INTO public."Sales"(	"SaleId", "BookId", "BookTypeId", "UserId", "Value", "EntryDateTime")	VALUES (442,6,	4,	3,	63, '2022-03-08 00:00:00');
INSERT INTO public."Sales"(	"SaleId", "BookId", "BookTypeId", "UserId", "Value", "EntryDateTime")	VALUES (443,2,	1,	3,	67, '2022-03-07 00:00:00');
INSERT INTO public."Sales"(	"SaleId", "BookId", "BookTypeId", "UserId", "Value", "EntryDateTime")	VALUES (444,3,	3,	3,	153, '2022-03-06 00:00:00');
INSERT INTO public."Sales"(	"SaleId", "BookId", "BookTypeId", "UserId", "Value", "EntryDateTime")	VALUES (445,3,	3,	1,	161, '2022-03-05 00:00:00');
INSERT INTO public."Sales"(	"SaleId", "BookId", "BookTypeId", "UserId", "Value", "EntryDateTime")	VALUES (446,6,	1,	3,	56, '2022-03-04 00:00:00');
INSERT INTO public."Sales"(	"SaleId", "BookId", "BookTypeId", "UserId", "Value", "EntryDateTime")	VALUES (447,7,	3,	3,	95, '2022-03-03 00:00:00');
INSERT INTO public."Sales"(	"SaleId", "BookId", "BookTypeId", "UserId", "Value", "EntryDateTime")	VALUES (448,5,	3,	1,	142, '2022-03-02 00:00:00');
INSERT INTO public."Sales"(	"SaleId", "BookId", "BookTypeId", "UserId", "Value", "EntryDateTime")	VALUES (449,2,	2,	3,	122, '2022-03-01 00:00:00');
INSERT INTO public."Sales"(	"SaleId", "BookId", "BookTypeId", "UserId", "Value", "EntryDateTime")	VALUES (450,1,	4,	3,	133, '2022-02-28 00:00:00');
INSERT INTO public."Sales"(	"SaleId", "BookId", "BookTypeId", "UserId", "Value", "EntryDateTime")	VALUES (451,3,	4,	2,	109, '2022-02-27 00:00:00');
INSERT INTO public."Sales"(	"SaleId", "BookId", "BookTypeId", "UserId", "Value", "EntryDateTime")	VALUES (452,6,	4,	2,	27, '2022-02-26 00:00:00');
INSERT INTO public."Sales"(	"SaleId", "BookId", "BookTypeId", "UserId", "Value", "EntryDateTime")	VALUES (453,7,	3,	1,	33, '2022-02-25 00:00:00');
INSERT INTO public."Sales"(	"SaleId", "BookId", "BookTypeId", "UserId", "Value", "EntryDateTime")	VALUES (454,5,	1,	3,	152, '2022-02-24 00:00:00');
INSERT INTO public."Sales"(	"SaleId", "BookId", "BookTypeId", "UserId", "Value", "EntryDateTime")	VALUES (455,2,	2,	2,	98, '2022-02-23 00:00:00');
INSERT INTO public."Sales"(	"SaleId", "BookId", "BookTypeId", "UserId", "Value", "EntryDateTime")	VALUES (456,7,	3,	2,	117, '2022-02-22 00:00:00');
INSERT INTO public."Sales"(	"SaleId", "BookId", "BookTypeId", "UserId", "Value", "EntryDateTime")	VALUES (457,7,	2,	2,	171, '2022-02-21 00:00:00');
INSERT INTO public."Sales"(	"SaleId", "BookId", "BookTypeId", "UserId", "Value", "EntryDateTime")	VALUES (458,7,	3,	2,	141, '2022-02-20 00:00:00');
INSERT INTO public."Sales"(	"SaleId", "BookId", "BookTypeId", "UserId", "Value", "EntryDateTime")	VALUES (459,4,	1,	2,	110, '2022-02-19 00:00:00');
INSERT INTO public."Sales"(	"SaleId", "BookId", "BookTypeId", "UserId", "Value", "EntryDateTime")	VALUES (460,7,	4,	3,	97, '2022-02-18 00:00:00');
INSERT INTO public."Sales"(	"SaleId", "BookId", "BookTypeId", "UserId", "Value", "EntryDateTime")	VALUES (461,7,	1,	3,	148, '2022-02-17 00:00:00');
INSERT INTO public."Sales"(	"SaleId", "BookId", "BookTypeId", "UserId", "Value", "EntryDateTime")	VALUES (462,7,	4,	1,	43, '2022-02-16 00:00:00');
INSERT INTO public."Sales"(	"SaleId", "BookId", "BookTypeId", "UserId", "Value", "EntryDateTime")	VALUES (463,2,	3,	3,	56, '2022-02-15 00:00:00');
INSERT INTO public."Sales"(	"SaleId", "BookId", "BookTypeId", "UserId", "Value", "EntryDateTime")	VALUES (464,6,	4,	3,	160, '2022-02-14 00:00:00');
INSERT INTO public."Sales"(	"SaleId", "BookId", "BookTypeId", "UserId", "Value", "EntryDateTime")	VALUES (465,7,	1,	1,	197, '2022-02-13 00:00:00');
INSERT INTO public."Sales"(	"SaleId", "BookId", "BookTypeId", "UserId", "Value", "EntryDateTime")	VALUES (466,4,	3,	3,	128, '2022-02-12 00:00:00');
INSERT INTO public."Sales"(	"SaleId", "BookId", "BookTypeId", "UserId", "Value", "EntryDateTime")	VALUES (467,6,	4,	3,	87, '2022-02-11 00:00:00');
INSERT INTO public."Sales"(	"SaleId", "BookId", "BookTypeId", "UserId", "Value", "EntryDateTime")	VALUES (468,1,	3,	1,	64, '2022-02-10 00:00:00');
INSERT INTO public."Sales"(	"SaleId", "BookId", "BookTypeId", "UserId", "Value", "EntryDateTime")	VALUES (469,5,	1,	3,	24, '2022-02-09 00:00:00');
INSERT INTO public."Sales"(	"SaleId", "BookId", "BookTypeId", "UserId", "Value", "EntryDateTime")	VALUES (470,3,	3,	3,	79, '2022-02-08 00:00:00');
INSERT INTO public."Sales"(	"SaleId", "BookId", "BookTypeId", "UserId", "Value", "EntryDateTime")	VALUES (471,6,	2,	1,	104, '2022-02-07 00:00:00');
INSERT INTO public."Sales"(	"SaleId", "BookId", "BookTypeId", "UserId", "Value", "EntryDateTime")	VALUES (472,1,	1,	2,	79, '2022-02-06 00:00:00');
INSERT INTO public."Sales"(	"SaleId", "BookId", "BookTypeId", "UserId", "Value", "EntryDateTime")	VALUES (473,7,	1,	3,	104, '2022-02-05 00:00:00');
INSERT INTO public."Sales"(	"SaleId", "BookId", "BookTypeId", "UserId", "Value", "EntryDateTime")	VALUES (474,1,	3,	3,	58, '2022-02-04 00:00:00');
INSERT INTO public."Sales"(	"SaleId", "BookId", "BookTypeId", "UserId", "Value", "EntryDateTime")	VALUES (475,5,	1,	2,	65, '2022-02-03 00:00:00');
INSERT INTO public."Sales"(	"SaleId", "BookId", "BookTypeId", "UserId", "Value", "EntryDateTime")	VALUES (476,5,	4,	1,	92, '2022-02-02 00:00:00');
INSERT INTO public."Sales"(	"SaleId", "BookId", "BookTypeId", "UserId", "Value", "EntryDateTime")	VALUES (477,4,	2,	3,	184, '2022-02-01 00:00:00');
INSERT INTO public."Sales"(	"SaleId", "BookId", "BookTypeId", "UserId", "Value", "EntryDateTime")	VALUES (478,1,	1,	1,	122, '2022-01-31 00:00:00');
INSERT INTO public."Sales"(	"SaleId", "BookId", "BookTypeId", "UserId", "Value", "EntryDateTime")	VALUES (479,5,	3,	3,	158, '2022-01-30 00:00:00');
INSERT INTO public."Sales"(	"SaleId", "BookId", "BookTypeId", "UserId", "Value", "EntryDateTime")	VALUES (480,3,	3,	1,	139, '2022-01-29 00:00:00');
INSERT INTO public."Sales"(	"SaleId", "BookId", "BookTypeId", "UserId", "Value", "EntryDateTime")	VALUES (481,5,	2,	2,	26, '2022-01-28 00:00:00');
INSERT INTO public."Sales"(	"SaleId", "BookId", "BookTypeId", "UserId", "Value", "EntryDateTime")	VALUES (482,1,	1,	3,	35, '2022-01-27 00:00:00');
INSERT INTO public."Sales"(	"SaleId", "BookId", "BookTypeId", "UserId", "Value", "EntryDateTime")	VALUES (483,5,	3,	2,	140, '2022-01-26 00:00:00');
INSERT INTO public."Sales"(	"SaleId", "BookId", "BookTypeId", "UserId", "Value", "EntryDateTime")	VALUES (484,3,	4,	1,	84, '2022-01-25 00:00:00');
INSERT INTO public."Sales"(	"SaleId", "BookId", "BookTypeId", "UserId", "Value", "EntryDateTime")	VALUES (485,2,	2,	1,	69, '2022-01-24 00:00:00');
INSERT INTO public."Sales"(	"SaleId", "BookId", "BookTypeId", "UserId", "Value", "EntryDateTime")	VALUES (486,5,	2,	1,	46, '2022-01-23 00:00:00');
INSERT INTO public."Sales"(	"SaleId", "BookId", "BookTypeId", "UserId", "Value", "EntryDateTime")	VALUES (487,4,	1,	3,	137, '2022-01-22 00:00:00');
INSERT INTO public."Sales"(	"SaleId", "BookId", "BookTypeId", "UserId", "Value", "EntryDateTime")	VALUES (488,3,	4,	3,	181, '2022-01-21 00:00:00');
INSERT INTO public."Sales"(	"SaleId", "BookId", "BookTypeId", "UserId", "Value", "EntryDateTime")	VALUES (489,2,	2,	3,	58, '2022-01-20 00:00:00');
INSERT INTO public."Sales"(	"SaleId", "BookId", "BookTypeId", "UserId", "Value", "EntryDateTime")	VALUES (490,6,	2,	1,	198, '2022-01-19 00:00:00');
INSERT INTO public."Sales"(	"SaleId", "BookId", "BookTypeId", "UserId", "Value", "EntryDateTime")	VALUES (491,5,	2,	3,	168, '2022-01-18 00:00:00');
INSERT INTO public."Sales"(	"SaleId", "BookId", "BookTypeId", "UserId", "Value", "EntryDateTime")	VALUES (492,7,	2,	3,	91, '2022-01-17 00:00:00');
INSERT INTO public."Sales"(	"SaleId", "BookId", "BookTypeId", "UserId", "Value", "EntryDateTime")	VALUES (493,7,	3,	2,	146, '2022-01-16 00:00:00');
INSERT INTO public."Sales"(	"SaleId", "BookId", "BookTypeId", "UserId", "Value", "EntryDateTime")	VALUES (494,2,	1,	3,	168, '2022-01-15 00:00:00');
INSERT INTO public."Sales"(	"SaleId", "BookId", "BookTypeId", "UserId", "Value", "EntryDateTime")	VALUES (495,2,	4,	3,	123, '2022-01-14 00:00:00');
INSERT INTO public."Sales"(	"SaleId", "BookId", "BookTypeId", "UserId", "Value", "EntryDateTime")	VALUES (496,4,	3,	1,	92, '2022-01-13 00:00:00');
INSERT INTO public."Sales"(	"SaleId", "BookId", "BookTypeId", "UserId", "Value", "EntryDateTime")	VALUES (497,3,	1,	3,	194, '2022-01-12 00:00:00');
INSERT INTO public."Sales"(	"SaleId", "BookId", "BookTypeId", "UserId", "Value", "EntryDateTime")	VALUES (498,4,	4,	3,	112, '2022-01-11 00:00:00');
INSERT INTO public."Sales"(	"SaleId", "BookId", "BookTypeId", "UserId", "Value", "EntryDateTime")	VALUES (499,4,	2,	2,	134, '2022-01-10 00:00:00');
INSERT INTO public."Sales"(	"SaleId", "BookId", "BookTypeId", "UserId", "Value", "EntryDateTime")	VALUES (500,6,	2,	3,	159, '2022-01-09 00:00:00');
INSERT INTO public."Sales"(	"SaleId", "BookId", "BookTypeId", "UserId", "Value", "EntryDateTime")	VALUES (501,5,	3,	1,	186, '2022-01-08 00:00:00');
INSERT INTO public."Sales"(	"SaleId", "BookId", "BookTypeId", "UserId", "Value", "EntryDateTime")	VALUES (502,5,	3,	2,	49, '2022-01-07 00:00:00');
INSERT INTO public."Sales"(	"SaleId", "BookId", "BookTypeId", "UserId", "Value", "EntryDateTime")	VALUES (503,2,	3,	2,	109, '2022-01-06 00:00:00');
INSERT INTO public."Sales"(	"SaleId", "BookId", "BookTypeId", "UserId", "Value", "EntryDateTime")	VALUES (504,3,	1,	2,	170, '2022-01-05 00:00:00');
INSERT INTO public."Sales"(	"SaleId", "BookId", "BookTypeId", "UserId", "Value", "EntryDateTime")	VALUES (505,3,	3,	3,	169, '2022-01-04 00:00:00');
INSERT INTO public."Sales"(	"SaleId", "BookId", "BookTypeId", "UserId", "Value", "EntryDateTime")	VALUES (506,2,	1,	2,	151, '2022-01-03 00:00:00');
INSERT INTO public."Sales"(	"SaleId", "BookId", "BookTypeId", "UserId", "Value", "EntryDateTime")	VALUES (507,7,	2,	2,	116, '2022-01-02 00:00:00');
INSERT INTO public."Sales"(	"SaleId", "BookId", "BookTypeId", "UserId", "Value", "EntryDateTime")	VALUES (508,7,	3,	3,	100, '2022-01-01 00:00:00');
INSERT INTO public."Sales"(	"SaleId", "BookId", "BookTypeId", "UserId", "Value", "EntryDateTime")	VALUES (509,2,	4,	3,	30, '2022-09-11 00:00:00');
INSERT INTO public."Sales"(	"SaleId", "BookId", "BookTypeId", "UserId", "Value", "EntryDateTime")	VALUES (510,1,	1,	1,	130, '2022-09-10 00:00:00');
INSERT INTO public."Sales"(	"SaleId", "BookId", "BookTypeId", "UserId", "Value", "EntryDateTime")	VALUES (511,2,	4,	3,	160, '2022-09-09 00:00:00');
INSERT INTO public."Sales"(	"SaleId", "BookId", "BookTypeId", "UserId", "Value", "EntryDateTime")	VALUES (512,2,	4,	2,	128, '2022-09-08 00:00:00');
INSERT INTO public."Sales"(	"SaleId", "BookId", "BookTypeId", "UserId", "Value", "EntryDateTime")	VALUES (513,4,	3,	3,	59, '2022-09-07 00:00:00');
INSERT INTO public."Sales"(	"SaleId", "BookId", "BookTypeId", "UserId", "Value", "EntryDateTime")	VALUES (514,5,	4,	1,	89, '2022-09-06 00:00:00');
INSERT INTO public."Sales"(	"SaleId", "BookId", "BookTypeId", "UserId", "Value", "EntryDateTime")	VALUES (515,3,	2,	1,	92, '2022-09-05 00:00:00');
INSERT INTO public."Sales"(	"SaleId", "BookId", "BookTypeId", "UserId", "Value", "EntryDateTime")	VALUES (516,5,	3,	1,	79, '2022-09-04 00:00:00');
INSERT INTO public."Sales"(	"SaleId", "BookId", "BookTypeId", "UserId", "Value", "EntryDateTime")	VALUES (517,3,	1,	2,	96, '2022-09-03 00:00:00');
INSERT INTO public."Sales"(	"SaleId", "BookId", "BookTypeId", "UserId", "Value", "EntryDateTime")	VALUES (518,4,	4,	1,	61, '2022-09-02 00:00:00');
INSERT INTO public."Sales"(	"SaleId", "BookId", "BookTypeId", "UserId", "Value", "EntryDateTime")	VALUES (519,7,	1,	2,	36, '2022-09-01 00:00:00');
INSERT INTO public."Sales"(	"SaleId", "BookId", "BookTypeId", "UserId", "Value", "EntryDateTime")	VALUES (520,5,	3,	1,	70, '2022-08-31 00:00:00');
INSERT INTO public."Sales"(	"SaleId", "BookId", "BookTypeId", "UserId", "Value", "EntryDateTime")	VALUES (521,6,	3,	2,	108, '2022-08-30 00:00:00');
INSERT INTO public."Sales"(	"SaleId", "BookId", "BookTypeId", "UserId", "Value", "EntryDateTime")	VALUES (522,1,	1,	1,	184, '2022-08-29 00:00:00');
INSERT INTO public."Sales"(	"SaleId", "BookId", "BookTypeId", "UserId", "Value", "EntryDateTime")	VALUES (523,2,	2,	1,	92, '2022-08-28 00:00:00');
INSERT INTO public."Sales"(	"SaleId", "BookId", "BookTypeId", "UserId", "Value", "EntryDateTime")	VALUES (524,2,	1,	1,	179, '2022-08-27 00:00:00');
INSERT INTO public."Sales"(	"SaleId", "BookId", "BookTypeId", "UserId", "Value", "EntryDateTime")	VALUES (525,1,	4,	2,	75, '2022-08-26 00:00:00');
INSERT INTO public."Sales"(	"SaleId", "BookId", "BookTypeId", "UserId", "Value", "EntryDateTime")	VALUES (526,1,	4,	3,	192, '2022-08-25 00:00:00');
INSERT INTO public."Sales"(	"SaleId", "BookId", "BookTypeId", "UserId", "Value", "EntryDateTime")	VALUES (527,5,	2,	2,	129, '2022-08-24 00:00:00');
INSERT INTO public."Sales"(	"SaleId", "BookId", "BookTypeId", "UserId", "Value", "EntryDateTime")	VALUES (528,5,	1,	2,	196, '2022-08-23 00:00:00');
INSERT INTO public."Sales"(	"SaleId", "BookId", "BookTypeId", "UserId", "Value", "EntryDateTime")	VALUES (529,2,	4,	1,	55, '2022-08-22 00:00:00');
INSERT INTO public."Sales"(	"SaleId", "BookId", "BookTypeId", "UserId", "Value", "EntryDateTime")	VALUES (530,5,	3,	2,	117, '2022-08-21 00:00:00');
INSERT INTO public."Sales"(	"SaleId", "BookId", "BookTypeId", "UserId", "Value", "EntryDateTime")	VALUES (531,1,	2,	2,	43, '2022-08-20 00:00:00');
INSERT INTO public."Sales"(	"SaleId", "BookId", "BookTypeId", "UserId", "Value", "EntryDateTime")	VALUES (532,7,	3,	3,	196, '2022-08-19 00:00:00');
INSERT INTO public."Sales"(	"SaleId", "BookId", "BookTypeId", "UserId", "Value", "EntryDateTime")	VALUES (533,6,	1,	3,	124, '2022-08-18 00:00:00');
INSERT INTO public."Sales"(	"SaleId", "BookId", "BookTypeId", "UserId", "Value", "EntryDateTime")	VALUES (534,1,	4,	1,	55, '2022-08-17 00:00:00');
INSERT INTO public."Sales"(	"SaleId", "BookId", "BookTypeId", "UserId", "Value", "EntryDateTime")	VALUES (535,1,	1,	1,	180, '2022-08-16 00:00:00');
INSERT INTO public."Sales"(	"SaleId", "BookId", "BookTypeId", "UserId", "Value", "EntryDateTime")	VALUES (536,7,	1,	2,	38, '2022-08-15 00:00:00');
INSERT INTO public."Sales"(	"SaleId", "BookId", "BookTypeId", "UserId", "Value", "EntryDateTime")	VALUES (537,3,	1,	2,	186, '2022-08-14 00:00:00');
INSERT INTO public."Sales"(	"SaleId", "BookId", "BookTypeId", "UserId", "Value", "EntryDateTime")	VALUES (538,3,	3,	3,	153, '2022-08-13 00:00:00');
INSERT INTO public."Sales"(	"SaleId", "BookId", "BookTypeId", "UserId", "Value", "EntryDateTime")	VALUES (539,6,	4,	1,	197, '2022-08-12 00:00:00');
INSERT INTO public."Sales"(	"SaleId", "BookId", "BookTypeId", "UserId", "Value", "EntryDateTime")	VALUES (540,4,	2,	3,	51, '2022-08-11 00:00:00');
INSERT INTO public."Sales"(	"SaleId", "BookId", "BookTypeId", "UserId", "Value", "EntryDateTime")	VALUES (541,1,	3,	1,	60, '2022-08-10 00:00:00');
INSERT INTO public."Sales"(	"SaleId", "BookId", "BookTypeId", "UserId", "Value", "EntryDateTime")	VALUES (542,6,	1,	3,	91, '2022-08-09 00:00:00');
INSERT INTO public."Sales"(	"SaleId", "BookId", "BookTypeId", "UserId", "Value", "EntryDateTime")	VALUES (543,7,	2,	1,	159, '2022-08-08 00:00:00');
INSERT INTO public."Sales"(	"SaleId", "BookId", "BookTypeId", "UserId", "Value", "EntryDateTime")	VALUES (544,3,	4,	2,	152, '2022-08-07 00:00:00');
INSERT INTO public."Sales"(	"SaleId", "BookId", "BookTypeId", "UserId", "Value", "EntryDateTime")	VALUES (545,3,	3,	3,	85, '2022-08-06 00:00:00');
INSERT INTO public."Sales"(	"SaleId", "BookId", "BookTypeId", "UserId", "Value", "EntryDateTime")	VALUES (546,1,	2,	3,	125, '2022-08-05 00:00:00');
INSERT INTO public."Sales"(	"SaleId", "BookId", "BookTypeId", "UserId", "Value", "EntryDateTime")	VALUES (547,5,	3,	2,	29, '2022-08-04 00:00:00');
INSERT INTO public."Sales"(	"SaleId", "BookId", "BookTypeId", "UserId", "Value", "EntryDateTime")	VALUES (548,6,	3,	2,	192, '2022-08-03 00:00:00');
INSERT INTO public."Sales"(	"SaleId", "BookId", "BookTypeId", "UserId", "Value", "EntryDateTime")	VALUES (549,7,	4,	1,	125, '2022-08-02 00:00:00');
INSERT INTO public."Sales"(	"SaleId", "BookId", "BookTypeId", "UserId", "Value", "EntryDateTime")	VALUES (550,4,	3,	2,	29, '2022-08-01 00:00:00');
INSERT INTO public."Sales"(	"SaleId", "BookId", "BookTypeId", "UserId", "Value", "EntryDateTime")	VALUES (551,7,	1,	2,	149, '2022-07-31 00:00:00');
INSERT INTO public."Sales"(	"SaleId", "BookId", "BookTypeId", "UserId", "Value", "EntryDateTime")	VALUES (552,5,	4,	1,	182, '2022-07-30 00:00:00');
INSERT INTO public."Sales"(	"SaleId", "BookId", "BookTypeId", "UserId", "Value", "EntryDateTime")	VALUES (553,1,	4,	3,	118, '2022-07-29 00:00:00');
INSERT INTO public."Sales"(	"SaleId", "BookId", "BookTypeId", "UserId", "Value", "EntryDateTime")	VALUES (554,6,	3,	1,	114, '2022-07-28 00:00:00');
INSERT INTO public."Sales"(	"SaleId", "BookId", "BookTypeId", "UserId", "Value", "EntryDateTime")	VALUES (555,7,	3,	3,	26, '2022-07-27 00:00:00');
INSERT INTO public."Sales"(	"SaleId", "BookId", "BookTypeId", "UserId", "Value", "EntryDateTime")	VALUES (556,1,	1,	3,	109, '2022-07-26 00:00:00');
INSERT INTO public."Sales"(	"SaleId", "BookId", "BookTypeId", "UserId", "Value", "EntryDateTime")	VALUES (557,1,	1,	1,	84, '2022-07-25 00:00:00');
INSERT INTO public."Sales"(	"SaleId", "BookId", "BookTypeId", "UserId", "Value", "EntryDateTime")	VALUES (558,3,	4,	1,	98, '2022-07-24 00:00:00');
INSERT INTO public."Sales"(	"SaleId", "BookId", "BookTypeId", "UserId", "Value", "EntryDateTime")	VALUES (559,2,	4,	1,	48, '2022-07-23 00:00:00');
INSERT INTO public."Sales"(	"SaleId", "BookId", "BookTypeId", "UserId", "Value", "EntryDateTime")	VALUES (560,3,	2,	3,	31, '2022-07-22 00:00:00');
INSERT INTO public."Sales"(	"SaleId", "BookId", "BookTypeId", "UserId", "Value", "EntryDateTime")	VALUES (561,4,	2,	2,	139, '2022-07-21 00:00:00');
INSERT INTO public."Sales"(	"SaleId", "BookId", "BookTypeId", "UserId", "Value", "EntryDateTime")	VALUES (562,1,	2,	2,	197, '2022-07-20 00:00:00');
INSERT INTO public."Sales"(	"SaleId", "BookId", "BookTypeId", "UserId", "Value", "EntryDateTime")	VALUES (563,1,	3,	3,	165, '2022-07-19 00:00:00');
INSERT INTO public."Sales"(	"SaleId", "BookId", "BookTypeId", "UserId", "Value", "EntryDateTime")	VALUES (564,6,	1,	3,	64, '2022-07-18 00:00:00');
INSERT INTO public."Sales"(	"SaleId", "BookId", "BookTypeId", "UserId", "Value", "EntryDateTime")	VALUES (565,7,	3,	3,	126, '2022-07-17 00:00:00');
INSERT INTO public."Sales"(	"SaleId", "BookId", "BookTypeId", "UserId", "Value", "EntryDateTime")	VALUES (566,4,	1,	3,	97, '2022-07-16 00:00:00');
INSERT INTO public."Sales"(	"SaleId", "BookId", "BookTypeId", "UserId", "Value", "EntryDateTime")	VALUES (567,2,	3,	2,	56, '2022-07-15 00:00:00');
INSERT INTO public."Sales"(	"SaleId", "BookId", "BookTypeId", "UserId", "Value", "EntryDateTime")	VALUES (568,1,	2,	2,	151, '2022-07-14 00:00:00');
INSERT INTO public."Sales"(	"SaleId", "BookId", "BookTypeId", "UserId", "Value", "EntryDateTime")	VALUES (569,6,	1,	2,	169, '2022-07-13 00:00:00');
INSERT INTO public."Sales"(	"SaleId", "BookId", "BookTypeId", "UserId", "Value", "EntryDateTime")	VALUES (570,4,	3,	2,	165, '2022-07-12 00:00:00');
INSERT INTO public."Sales"(	"SaleId", "BookId", "BookTypeId", "UserId", "Value", "EntryDateTime")	VALUES (571,6,	2,	2,	98, '2022-07-11 00:00:00');
INSERT INTO public."Sales"(	"SaleId", "BookId", "BookTypeId", "UserId", "Value", "EntryDateTime")	VALUES (572,1,	4,	1,	102, '2022-07-10 00:00:00');
INSERT INTO public."Sales"(	"SaleId", "BookId", "BookTypeId", "UserId", "Value", "EntryDateTime")	VALUES (573,4,	1,	3,	194, '2022-07-09 00:00:00');
INSERT INTO public."Sales"(	"SaleId", "BookId", "BookTypeId", "UserId", "Value", "EntryDateTime")	VALUES (574,6,	3,	2,	198, '2022-07-08 00:00:00');
INSERT INTO public."Sales"(	"SaleId", "BookId", "BookTypeId", "UserId", "Value", "EntryDateTime")	VALUES (575,7,	2,	3,	119, '2022-07-07 00:00:00');
INSERT INTO public."Sales"(	"SaleId", "BookId", "BookTypeId", "UserId", "Value", "EntryDateTime")	VALUES (576,3,	3,	3,	117, '2022-07-06 00:00:00');
INSERT INTO public."Sales"(	"SaleId", "BookId", "BookTypeId", "UserId", "Value", "EntryDateTime")	VALUES (577,3,	3,	1,	185, '2022-07-05 00:00:00');
INSERT INTO public."Sales"(	"SaleId", "BookId", "BookTypeId", "UserId", "Value", "EntryDateTime")	VALUES (578,3,	2,	3,	53, '2022-07-04 00:00:00');
INSERT INTO public."Sales"(	"SaleId", "BookId", "BookTypeId", "UserId", "Value", "EntryDateTime")	VALUES (579,5,	2,	2,	130, '2022-07-03 00:00:00');
INSERT INTO public."Sales"(	"SaleId", "BookId", "BookTypeId", "UserId", "Value", "EntryDateTime")	VALUES (580,7,	1,	3,	81, '2022-07-02 00:00:00');
INSERT INTO public."Sales"(	"SaleId", "BookId", "BookTypeId", "UserId", "Value", "EntryDateTime")	VALUES (581,7,	2,	3,	121, '2022-07-01 00:00:00');
INSERT INTO public."Sales"(	"SaleId", "BookId", "BookTypeId", "UserId", "Value", "EntryDateTime")	VALUES (582,4,	2,	2,	87, '2022-06-30 00:00:00');
INSERT INTO public."Sales"(	"SaleId", "BookId", "BookTypeId", "UserId", "Value", "EntryDateTime")	VALUES (583,7,	2,	1,	51, '2022-06-29 00:00:00');
INSERT INTO public."Sales"(	"SaleId", "BookId", "BookTypeId", "UserId", "Value", "EntryDateTime")	VALUES (584,4,	4,	1,	48, '2022-06-28 00:00:00');
INSERT INTO public."Sales"(	"SaleId", "BookId", "BookTypeId", "UserId", "Value", "EntryDateTime")	VALUES (585,2,	4,	2,	76, '2022-06-27 00:00:00');
INSERT INTO public."Sales"(	"SaleId", "BookId", "BookTypeId", "UserId", "Value", "EntryDateTime")	VALUES (586,2,	3,	1,	79, '2022-06-26 00:00:00');
INSERT INTO public."Sales"(	"SaleId", "BookId", "BookTypeId", "UserId", "Value", "EntryDateTime")	VALUES (587,6,	4,	3,	195, '2022-06-25 00:00:00');
INSERT INTO public."Sales"(	"SaleId", "BookId", "BookTypeId", "UserId", "Value", "EntryDateTime")	VALUES (588,7,	3,	2,	157, '2022-06-24 00:00:00');
INSERT INTO public."Sales"(	"SaleId", "BookId", "BookTypeId", "UserId", "Value", "EntryDateTime")	VALUES (589,7,	4,	3,	199, '2022-06-23 00:00:00');
INSERT INTO public."Sales"(	"SaleId", "BookId", "BookTypeId", "UserId", "Value", "EntryDateTime")	VALUES (590,5,	2,	2,	41, '2022-06-22 00:00:00');
INSERT INTO public."Sales"(	"SaleId", "BookId", "BookTypeId", "UserId", "Value", "EntryDateTime")	VALUES (591,7,	1,	3,	38, '2022-06-21 00:00:00');
INSERT INTO public."Sales"(	"SaleId", "BookId", "BookTypeId", "UserId", "Value", "EntryDateTime")	VALUES (592,4,	4,	1,	126, '2022-06-20 00:00:00');
INSERT INTO public."Sales"(	"SaleId", "BookId", "BookTypeId", "UserId", "Value", "EntryDateTime")	VALUES (593,3,	4,	1,	25, '2022-06-19 00:00:00');
INSERT INTO public."Sales"(	"SaleId", "BookId", "BookTypeId", "UserId", "Value", "EntryDateTime")	VALUES (594,6,	1,	3,	37, '2022-06-18 00:00:00');
INSERT INTO public."Sales"(	"SaleId", "BookId", "BookTypeId", "UserId", "Value", "EntryDateTime")	VALUES (595,2,	2,	1,	76, '2022-06-17 00:00:00');
INSERT INTO public."Sales"(	"SaleId", "BookId", "BookTypeId", "UserId", "Value", "EntryDateTime")	VALUES (596,5,	4,	2,	67, '2022-06-16 00:00:00');
INSERT INTO public."Sales"(	"SaleId", "BookId", "BookTypeId", "UserId", "Value", "EntryDateTime")	VALUES (597,2,	3,	2,	123, '2022-06-15 00:00:00');
INSERT INTO public."Sales"(	"SaleId", "BookId", "BookTypeId", "UserId", "Value", "EntryDateTime")	VALUES (598,3,	2,	1,	197, '2022-06-14 00:00:00');
INSERT INTO public."Sales"(	"SaleId", "BookId", "BookTypeId", "UserId", "Value", "EntryDateTime")	VALUES (599,2,	4,	2,	97, '2022-06-13 00:00:00');
INSERT INTO public."Sales"(	"SaleId", "BookId", "BookTypeId", "UserId", "Value", "EntryDateTime")	VALUES (600,6,	1,	3,	103, '2022-06-12 00:00:00');
INSERT INTO public."Sales"(	"SaleId", "BookId", "BookTypeId", "UserId", "Value", "EntryDateTime")	VALUES (601,1,	2,	2,	130, '2022-06-11 00:00:00');
INSERT INTO public."Sales"(	"SaleId", "BookId", "BookTypeId", "UserId", "Value", "EntryDateTime")	VALUES (602,6,	3,	2,	157, '2022-06-10 00:00:00');
INSERT INTO public."Sales"(	"SaleId", "BookId", "BookTypeId", "UserId", "Value", "EntryDateTime")	VALUES (603,4,	4,	1,	95, '2022-06-09 00:00:00');
INSERT INTO public."Sales"(	"SaleId", "BookId", "BookTypeId", "UserId", "Value", "EntryDateTime")	VALUES (604,3,	1,	3,	36, '2022-06-08 00:00:00');
INSERT INTO public."Sales"(	"SaleId", "BookId", "BookTypeId", "UserId", "Value", "EntryDateTime")	VALUES (605,6,	1,	3,	61, '2022-06-07 00:00:00');
INSERT INTO public."Sales"(	"SaleId", "BookId", "BookTypeId", "UserId", "Value", "EntryDateTime")	VALUES (606,2,	1,	2,	134, '2022-06-06 00:00:00');
INSERT INTO public."Sales"(	"SaleId", "BookId", "BookTypeId", "UserId", "Value", "EntryDateTime")	VALUES (607,1,	3,	2,	72, '2022-06-05 00:00:00');
INSERT INTO public."Sales"(	"SaleId", "BookId", "BookTypeId", "UserId", "Value", "EntryDateTime")	VALUES (608,6,	4,	3,	165, '2022-06-04 00:00:00');
INSERT INTO public."Sales"(	"SaleId", "BookId", "BookTypeId", "UserId", "Value", "EntryDateTime")	VALUES (609,2,	1,	2,	48, '2022-06-03 00:00:00');
INSERT INTO public."Sales"(	"SaleId", "BookId", "BookTypeId", "UserId", "Value", "EntryDateTime")	VALUES (610,7,	2,	2,	71, '2022-06-02 00:00:00');
INSERT INTO public."Sales"(	"SaleId", "BookId", "BookTypeId", "UserId", "Value", "EntryDateTime")	VALUES (611,1,	2,	1,	166, '2022-06-01 00:00:00');
INSERT INTO public."Sales"(	"SaleId", "BookId", "BookTypeId", "UserId", "Value", "EntryDateTime")	VALUES (612,3,	1,	2,	155, '2022-05-31 00:00:00');
INSERT INTO public."Sales"(	"SaleId", "BookId", "BookTypeId", "UserId", "Value", "EntryDateTime")	VALUES (613,4,	1,	2,	95, '2022-05-30 00:00:00');
INSERT INTO public."Sales"(	"SaleId", "BookId", "BookTypeId", "UserId", "Value", "EntryDateTime")	VALUES (614,2,	3,	3,	140, '2022-05-29 00:00:00');
INSERT INTO public."Sales"(	"SaleId", "BookId", "BookTypeId", "UserId", "Value", "EntryDateTime")	VALUES (615,4,	1,	3,	151, '2022-05-28 00:00:00');
INSERT INTO public."Sales"(	"SaleId", "BookId", "BookTypeId", "UserId", "Value", "EntryDateTime")	VALUES (616,1,	1,	2,	44, '2022-05-27 00:00:00');
INSERT INTO public."Sales"(	"SaleId", "BookId", "BookTypeId", "UserId", "Value", "EntryDateTime")	VALUES (617,4,	2,	2,	87, '2022-05-26 00:00:00');
INSERT INTO public."Sales"(	"SaleId", "BookId", "BookTypeId", "UserId", "Value", "EntryDateTime")	VALUES (618,6,	1,	1,	50, '2022-05-25 00:00:00');
INSERT INTO public."Sales"(	"SaleId", "BookId", "BookTypeId", "UserId", "Value", "EntryDateTime")	VALUES (619,1,	3,	3,	48, '2022-05-24 00:00:00');
INSERT INTO public."Sales"(	"SaleId", "BookId", "BookTypeId", "UserId", "Value", "EntryDateTime")	VALUES (620,6,	3,	3,	95, '2022-05-23 00:00:00');
INSERT INTO public."Sales"(	"SaleId", "BookId", "BookTypeId", "UserId", "Value", "EntryDateTime")	VALUES (621,6,	3,	2,	188, '2022-05-22 00:00:00');
INSERT INTO public."Sales"(	"SaleId", "BookId", "BookTypeId", "UserId", "Value", "EntryDateTime")	VALUES (622,1,	3,	1,	43, '2022-05-21 00:00:00');
INSERT INTO public."Sales"(	"SaleId", "BookId", "BookTypeId", "UserId", "Value", "EntryDateTime")	VALUES (623,2,	1,	1,	156, '2022-05-20 00:00:00');
INSERT INTO public."Sales"(	"SaleId", "BookId", "BookTypeId", "UserId", "Value", "EntryDateTime")	VALUES (624,2,	2,	1,	31, '2022-05-19 00:00:00');
INSERT INTO public."Sales"(	"SaleId", "BookId", "BookTypeId", "UserId", "Value", "EntryDateTime")	VALUES (625,6,	1,	2,	58, '2022-05-18 00:00:00');
INSERT INTO public."Sales"(	"SaleId", "BookId", "BookTypeId", "UserId", "Value", "EntryDateTime")	VALUES (626,7,	3,	1,	194, '2022-05-17 00:00:00');
INSERT INTO public."Sales"(	"SaleId", "BookId", "BookTypeId", "UserId", "Value", "EntryDateTime")	VALUES (627,7,	2,	1,	175, '2022-05-16 00:00:00');
INSERT INTO public."Sales"(	"SaleId", "BookId", "BookTypeId", "UserId", "Value", "EntryDateTime")	VALUES (628,7,	2,	3,	87, '2022-05-15 00:00:00');
INSERT INTO public."Sales"(	"SaleId", "BookId", "BookTypeId", "UserId", "Value", "EntryDateTime")	VALUES (629,5,	1,	2,	173, '2022-05-14 00:00:00');
INSERT INTO public."Sales"(	"SaleId", "BookId", "BookTypeId", "UserId", "Value", "EntryDateTime")	VALUES (630,6,	4,	1,	140, '2022-05-13 00:00:00');
INSERT INTO public."Sales"(	"SaleId", "BookId", "BookTypeId", "UserId", "Value", "EntryDateTime")	VALUES (631,7,	1,	1,	148, '2022-05-12 00:00:00');
INSERT INTO public."Sales"(	"SaleId", "BookId", "BookTypeId", "UserId", "Value", "EntryDateTime")	VALUES (632,6,	3,	2,	96, '2022-05-11 00:00:00');
INSERT INTO public."Sales"(	"SaleId", "BookId", "BookTypeId", "UserId", "Value", "EntryDateTime")	VALUES (633,4,	1,	1,	111, '2022-05-10 00:00:00');
INSERT INTO public."Sales"(	"SaleId", "BookId", "BookTypeId", "UserId", "Value", "EntryDateTime")	VALUES (634,2,	1,	2,	71, '2022-05-09 00:00:00');
INSERT INTO public."Sales"(	"SaleId", "BookId", "BookTypeId", "UserId", "Value", "EntryDateTime")	VALUES (635,4,	4,	3,	111, '2022-05-08 00:00:00');
INSERT INTO public."Sales"(	"SaleId", "BookId", "BookTypeId", "UserId", "Value", "EntryDateTime")	VALUES (636,2,	1,	3,	184, '2022-05-07 00:00:00');
INSERT INTO public."Sales"(	"SaleId", "BookId", "BookTypeId", "UserId", "Value", "EntryDateTime")	VALUES (637,7,	2,	1,	34, '2022-05-06 00:00:00');
INSERT INTO public."Sales"(	"SaleId", "BookId", "BookTypeId", "UserId", "Value", "EntryDateTime")	VALUES (638,3,	2,	2,	148, '2022-05-05 00:00:00');
INSERT INTO public."Sales"(	"SaleId", "BookId", "BookTypeId", "UserId", "Value", "EntryDateTime")	VALUES (639,6,	3,	2,	37, '2022-05-04 00:00:00');
INSERT INTO public."Sales"(	"SaleId", "BookId", "BookTypeId", "UserId", "Value", "EntryDateTime")	VALUES (640,2,	4,	2,	54, '2022-05-03 00:00:00');
INSERT INTO public."Sales"(	"SaleId", "BookId", "BookTypeId", "UserId", "Value", "EntryDateTime")	VALUES (641,7,	4,	1,	154, '2022-05-02 00:00:00');
INSERT INTO public."Sales"(	"SaleId", "BookId", "BookTypeId", "UserId", "Value", "EntryDateTime")	VALUES (642,1,	1,	1,	188, '2022-05-01 00:00:00');
INSERT INTO public."Sales"(	"SaleId", "BookId", "BookTypeId", "UserId", "Value", "EntryDateTime")	VALUES (643,7,	1,	1,	120, '2022-04-30 00:00:00');
INSERT INTO public."Sales"(	"SaleId", "BookId", "BookTypeId", "UserId", "Value", "EntryDateTime")	VALUES (644,2,	2,	1,	137, '2022-04-29 00:00:00');
INSERT INTO public."Sales"(	"SaleId", "BookId", "BookTypeId", "UserId", "Value", "EntryDateTime")	VALUES (645,2,	3,	1,	182, '2022-04-28 00:00:00');
INSERT INTO public."Sales"(	"SaleId", "BookId", "BookTypeId", "UserId", "Value", "EntryDateTime")	VALUES (646,5,	4,	3,	76, '2022-04-27 00:00:00');
INSERT INTO public."Sales"(	"SaleId", "BookId", "BookTypeId", "UserId", "Value", "EntryDateTime")	VALUES (647,2,	3,	2,	125, '2022-04-26 00:00:00');
INSERT INTO public."Sales"(	"SaleId", "BookId", "BookTypeId", "UserId", "Value", "EntryDateTime")	VALUES (648,6,	1,	2,	51, '2022-04-25 00:00:00');
INSERT INTO public."Sales"(	"SaleId", "BookId", "BookTypeId", "UserId", "Value", "EntryDateTime")	VALUES (649,1,	1,	1,	175, '2022-04-24 00:00:00');
INSERT INTO public."Sales"(	"SaleId", "BookId", "BookTypeId", "UserId", "Value", "EntryDateTime")	VALUES (650,5,	2,	3,	93, '2022-04-23 00:00:00');
INSERT INTO public."Sales"(	"SaleId", "BookId", "BookTypeId", "UserId", "Value", "EntryDateTime")	VALUES (651,2,	1,	2,	88, '2022-04-22 00:00:00');
INSERT INTO public."Sales"(	"SaleId", "BookId", "BookTypeId", "UserId", "Value", "EntryDateTime")	VALUES (652,4,	1,	3,	132, '2022-04-21 00:00:00');
INSERT INTO public."Sales"(	"SaleId", "BookId", "BookTypeId", "UserId", "Value", "EntryDateTime")	VALUES (653,1,	1,	2,	190, '2022-04-20 00:00:00');
INSERT INTO public."Sales"(	"SaleId", "BookId", "BookTypeId", "UserId", "Value", "EntryDateTime")	VALUES (654,2,	4,	1,	82, '2022-04-19 00:00:00');
INSERT INTO public."Sales"(	"SaleId", "BookId", "BookTypeId", "UserId", "Value", "EntryDateTime")	VALUES (655,2,	1,	1,	147, '2022-04-18 00:00:00');
INSERT INTO public."Sales"(	"SaleId", "BookId", "BookTypeId", "UserId", "Value", "EntryDateTime")	VALUES (656,7,	3,	1,	34, '2022-04-17 00:00:00');
INSERT INTO public."Sales"(	"SaleId", "BookId", "BookTypeId", "UserId", "Value", "EntryDateTime")	VALUES (657,1,	1,	1,	108, '2022-04-16 00:00:00');
INSERT INTO public."Sales"(	"SaleId", "BookId", "BookTypeId", "UserId", "Value", "EntryDateTime")	VALUES (658,3,	1,	2,	84, '2022-04-15 00:00:00');
INSERT INTO public."Sales"(	"SaleId", "BookId", "BookTypeId", "UserId", "Value", "EntryDateTime")	VALUES (659,7,	3,	2,	64, '2022-04-14 00:00:00');
INSERT INTO public."Sales"(	"SaleId", "BookId", "BookTypeId", "UserId", "Value", "EntryDateTime")	VALUES (660,6,	3,	3,	139, '2022-04-13 00:00:00');
INSERT INTO public."Sales"(	"SaleId", "BookId", "BookTypeId", "UserId", "Value", "EntryDateTime")	VALUES (661,6,	4,	2,	188, '2022-04-12 00:00:00');
INSERT INTO public."Sales"(	"SaleId", "BookId", "BookTypeId", "UserId", "Value", "EntryDateTime")	VALUES (662,2,	2,	2,	25, '2022-04-11 00:00:00');
INSERT INTO public."Sales"(	"SaleId", "BookId", "BookTypeId", "UserId", "Value", "EntryDateTime")	VALUES (663,1,	2,	1,	72, '2022-04-10 00:00:00');
INSERT INTO public."Sales"(	"SaleId", "BookId", "BookTypeId", "UserId", "Value", "EntryDateTime")	VALUES (664,7,	2,	1,	20, '2022-04-09 00:00:00');
INSERT INTO public."Sales"(	"SaleId", "BookId", "BookTypeId", "UserId", "Value", "EntryDateTime")	VALUES (665,2,	1,	2,	152, '2022-04-08 00:00:00');
INSERT INTO public."Sales"(	"SaleId", "BookId", "BookTypeId", "UserId", "Value", "EntryDateTime")	VALUES (666,7,	1,	3,	192, '2022-04-07 00:00:00');
INSERT INTO public."Sales"(	"SaleId", "BookId", "BookTypeId", "UserId", "Value", "EntryDateTime")	VALUES (667,1,	4,	2,	78, '2022-04-06 00:00:00');
INSERT INTO public."Sales"(	"SaleId", "BookId", "BookTypeId", "UserId", "Value", "EntryDateTime")	VALUES (668,3,	2,	3,	113, '2022-04-05 00:00:00');
INSERT INTO public."Sales"(	"SaleId", "BookId", "BookTypeId", "UserId", "Value", "EntryDateTime")	VALUES (669,3,	4,	1,	78, '2022-04-04 00:00:00');
INSERT INTO public."Sales"(	"SaleId", "BookId", "BookTypeId", "UserId", "Value", "EntryDateTime")	VALUES (670,1,	2,	3,	147, '2022-04-03 00:00:00');
INSERT INTO public."Sales"(	"SaleId", "BookId", "BookTypeId", "UserId", "Value", "EntryDateTime")	VALUES (671,5,	3,	1,	52, '2022-04-02 00:00:00');
INSERT INTO public."Sales"(	"SaleId", "BookId", "BookTypeId", "UserId", "Value", "EntryDateTime")	VALUES (672,5,	4,	3,	133, '2022-04-01 00:00:00');
INSERT INTO public."Sales"(	"SaleId", "BookId", "BookTypeId", "UserId", "Value", "EntryDateTime")	VALUES (673,3,	2,	3,	58, '2022-03-31 00:00:00');
INSERT INTO public."Sales"(	"SaleId", "BookId", "BookTypeId", "UserId", "Value", "EntryDateTime")	VALUES (674,6,	4,	1,	107, '2022-03-30 00:00:00');
INSERT INTO public."Sales"(	"SaleId", "BookId", "BookTypeId", "UserId", "Value", "EntryDateTime")	VALUES (675,6,	2,	1,	25, '2022-03-29 00:00:00');
INSERT INTO public."Sales"(	"SaleId", "BookId", "BookTypeId", "UserId", "Value", "EntryDateTime")	VALUES (676,7,	2,	2,	99, '2022-03-28 00:00:00');
INSERT INTO public."Sales"(	"SaleId", "BookId", "BookTypeId", "UserId", "Value", "EntryDateTime")	VALUES (677,7,	4,	2,	188, '2022-03-27 00:00:00');
INSERT INTO public."Sales"(	"SaleId", "BookId", "BookTypeId", "UserId", "Value", "EntryDateTime")	VALUES (678,5,	1,	1,	154, '2022-03-26 00:00:00');
INSERT INTO public."Sales"(	"SaleId", "BookId", "BookTypeId", "UserId", "Value", "EntryDateTime")	VALUES (679,3,	4,	2,	149, '2022-03-25 00:00:00');
INSERT INTO public."Sales"(	"SaleId", "BookId", "BookTypeId", "UserId", "Value", "EntryDateTime")	VALUES (680,5,	3,	2,	175, '2022-03-24 00:00:00');
INSERT INTO public."Sales"(	"SaleId", "BookId", "BookTypeId", "UserId", "Value", "EntryDateTime")	VALUES (681,1,	1,	3,	42, '2022-03-23 00:00:00');
INSERT INTO public."Sales"(	"SaleId", "BookId", "BookTypeId", "UserId", "Value", "EntryDateTime")	VALUES (682,4,	1,	3,	23, '2022-03-22 00:00:00');
INSERT INTO public."Sales"(	"SaleId", "BookId", "BookTypeId", "UserId", "Value", "EntryDateTime")	VALUES (683,1,	3,	3,	123, '2022-03-21 00:00:00');
INSERT INTO public."Sales"(	"SaleId", "BookId", "BookTypeId", "UserId", "Value", "EntryDateTime")	VALUES (684,7,	1,	2,	51, '2022-03-20 00:00:00');
INSERT INTO public."Sales"(	"SaleId", "BookId", "BookTypeId", "UserId", "Value", "EntryDateTime")	VALUES (685,6,	2,	3,	147, '2022-03-19 00:00:00');
INSERT INTO public."Sales"(	"SaleId", "BookId", "BookTypeId", "UserId", "Value", "EntryDateTime")	VALUES (686,7,	4,	2,	64, '2022-03-18 00:00:00');
INSERT INTO public."Sales"(	"SaleId", "BookId", "BookTypeId", "UserId", "Value", "EntryDateTime")	VALUES (687,3,	4,	2,	116, '2022-03-17 00:00:00');
INSERT INTO public."Sales"(	"SaleId", "BookId", "BookTypeId", "UserId", "Value", "EntryDateTime")	VALUES (688,4,	4,	1,	180, '2022-03-16 00:00:00');
INSERT INTO public."Sales"(	"SaleId", "BookId", "BookTypeId", "UserId", "Value", "EntryDateTime")	VALUES (689,4,	2,	1,	181, '2022-03-15 00:00:00');
INSERT INTO public."Sales"(	"SaleId", "BookId", "BookTypeId", "UserId", "Value", "EntryDateTime")	VALUES (690,1,	4,	3,	165, '2022-03-14 00:00:00');
INSERT INTO public."Sales"(	"SaleId", "BookId", "BookTypeId", "UserId", "Value", "EntryDateTime")	VALUES (691,4,	2,	2,	189, '2022-03-13 00:00:00');
INSERT INTO public."Sales"(	"SaleId", "BookId", "BookTypeId", "UserId", "Value", "EntryDateTime")	VALUES (692,6,	4,	2,	150, '2022-03-12 00:00:00');
INSERT INTO public."Sales"(	"SaleId", "BookId", "BookTypeId", "UserId", "Value", "EntryDateTime")	VALUES (693,1,	1,	1,	196, '2022-03-11 00:00:00');
INSERT INTO public."Sales"(	"SaleId", "BookId", "BookTypeId", "UserId", "Value", "EntryDateTime")	VALUES (694,4,	3,	1,	143, '2022-03-10 00:00:00');
INSERT INTO public."Sales"(	"SaleId", "BookId", "BookTypeId", "UserId", "Value", "EntryDateTime")	VALUES (695,4,	2,	1,	133, '2022-03-09 00:00:00');
INSERT INTO public."Sales"(	"SaleId", "BookId", "BookTypeId", "UserId", "Value", "EntryDateTime")	VALUES (696,5,	4,	2,	146, '2022-03-08 00:00:00');
INSERT INTO public."Sales"(	"SaleId", "BookId", "BookTypeId", "UserId", "Value", "EntryDateTime")	VALUES (697,2,	1,	2,	54, '2022-03-07 00:00:00');
INSERT INTO public."Sales"(	"SaleId", "BookId", "BookTypeId", "UserId", "Value", "EntryDateTime")	VALUES (698,7,	1,	2,	171, '2022-03-06 00:00:00');
INSERT INTO public."Sales"(	"SaleId", "BookId", "BookTypeId", "UserId", "Value", "EntryDateTime")	VALUES (699,3,	2,	2,	136, '2022-03-05 00:00:00');
INSERT INTO public."Sales"(	"SaleId", "BookId", "BookTypeId", "UserId", "Value", "EntryDateTime")	VALUES (700,3,	2,	2,	53, '2022-03-04 00:00:00');
INSERT INTO public."Sales"(	"SaleId", "BookId", "BookTypeId", "UserId", "Value", "EntryDateTime")	VALUES (701,1,	4,	2,	175, '2022-03-03 00:00:00');
INSERT INTO public."Sales"(	"SaleId", "BookId", "BookTypeId", "UserId", "Value", "EntryDateTime")	VALUES (702,4,	1,	1,	61, '2022-03-02 00:00:00');
INSERT INTO public."Sales"(	"SaleId", "BookId", "BookTypeId", "UserId", "Value", "EntryDateTime")	VALUES (703,1,	1,	3,	145, '2022-03-01 00:00:00');
INSERT INTO public."Sales"(	"SaleId", "BookId", "BookTypeId", "UserId", "Value", "EntryDateTime")	VALUES (704,2,	1,	1,	32, '2022-02-28 00:00:00');
INSERT INTO public."Sales"(	"SaleId", "BookId", "BookTypeId", "UserId", "Value", "EntryDateTime")	VALUES (705,3,	2,	1,	112, '2022-02-27 00:00:00');
INSERT INTO public."Sales"(	"SaleId", "BookId", "BookTypeId", "UserId", "Value", "EntryDateTime")	VALUES (706,6,	1,	1,	76, '2022-02-26 00:00:00');
INSERT INTO public."Sales"(	"SaleId", "BookId", "BookTypeId", "UserId", "Value", "EntryDateTime")	VALUES (707,6,	3,	2,	171, '2022-02-25 00:00:00');
INSERT INTO public."Sales"(	"SaleId", "BookId", "BookTypeId", "UserId", "Value", "EntryDateTime")	VALUES (708,6,	3,	1,	149, '2022-02-24 00:00:00');
INSERT INTO public."Sales"(	"SaleId", "BookId", "BookTypeId", "UserId", "Value", "EntryDateTime")	VALUES (709,5,	3,	1,	197, '2022-02-23 00:00:00');
INSERT INTO public."Sales"(	"SaleId", "BookId", "BookTypeId", "UserId", "Value", "EntryDateTime")	VALUES (710,4,	3,	3,	59, '2022-02-22 00:00:00');
INSERT INTO public."Sales"(	"SaleId", "BookId", "BookTypeId", "UserId", "Value", "EntryDateTime")	VALUES (711,7,	1,	3,	88, '2022-02-21 00:00:00');
INSERT INTO public."Sales"(	"SaleId", "BookId", "BookTypeId", "UserId", "Value", "EntryDateTime")	VALUES (712,3,	4,	1,	27, '2022-02-20 00:00:00');
INSERT INTO public."Sales"(	"SaleId", "BookId", "BookTypeId", "UserId", "Value", "EntryDateTime")	VALUES (713,5,	2,	1,	79, '2022-02-19 00:00:00');
INSERT INTO public."Sales"(	"SaleId", "BookId", "BookTypeId", "UserId", "Value", "EntryDateTime")	VALUES (714,7,	2,	2,	22, '2022-02-18 00:00:00');
INSERT INTO public."Sales"(	"SaleId", "BookId", "BookTypeId", "UserId", "Value", "EntryDateTime")	VALUES (715,4,	2,	1,	42, '2022-02-17 00:00:00');
INSERT INTO public."Sales"(	"SaleId", "BookId", "BookTypeId", "UserId", "Value", "EntryDateTime")	VALUES (716,4,	1,	3,	107, '2022-02-16 00:00:00');
INSERT INTO public."Sales"(	"SaleId", "BookId", "BookTypeId", "UserId", "Value", "EntryDateTime")	VALUES (717,3,	1,	1,	44, '2022-02-15 00:00:00');
INSERT INTO public."Sales"(	"SaleId", "BookId", "BookTypeId", "UserId", "Value", "EntryDateTime")	VALUES (718,4,	3,	2,	24, '2022-02-14 00:00:00');
INSERT INTO public."Sales"(	"SaleId", "BookId", "BookTypeId", "UserId", "Value", "EntryDateTime")	VALUES (719,3,	3,	2,	170, '2022-02-13 00:00:00');
INSERT INTO public."Sales"(	"SaleId", "BookId", "BookTypeId", "UserId", "Value", "EntryDateTime")	VALUES (720,5,	2,	1,	152, '2022-02-12 00:00:00');
INSERT INTO public."Sales"(	"SaleId", "BookId", "BookTypeId", "UserId", "Value", "EntryDateTime")	VALUES (721,6,	4,	1,	100, '2022-02-11 00:00:00');
INSERT INTO public."Sales"(	"SaleId", "BookId", "BookTypeId", "UserId", "Value", "EntryDateTime")	VALUES (722,5,	1,	1,	175, '2022-02-10 00:00:00');
INSERT INTO public."Sales"(	"SaleId", "BookId", "BookTypeId", "UserId", "Value", "EntryDateTime")	VALUES (723,2,	4,	2,	133, '2022-02-09 00:00:00');
INSERT INTO public."Sales"(	"SaleId", "BookId", "BookTypeId", "UserId", "Value", "EntryDateTime")	VALUES (724,2,	1,	1,	130, '2022-02-08 00:00:00');
INSERT INTO public."Sales"(	"SaleId", "BookId", "BookTypeId", "UserId", "Value", "EntryDateTime")	VALUES (725,2,	4,	3,	79, '2022-02-07 00:00:00');
INSERT INTO public."Sales"(	"SaleId", "BookId", "BookTypeId", "UserId", "Value", "EntryDateTime")	VALUES (726,4,	2,	3,	141, '2022-02-06 00:00:00');
INSERT INTO public."Sales"(	"SaleId", "BookId", "BookTypeId", "UserId", "Value", "EntryDateTime")	VALUES (727,1,	3,	1,	100, '2022-02-05 00:00:00');
INSERT INTO public."Sales"(	"SaleId", "BookId", "BookTypeId", "UserId", "Value", "EntryDateTime")	VALUES (728,7,	2,	1,	173, '2022-02-04 00:00:00');
INSERT INTO public."Sales"(	"SaleId", "BookId", "BookTypeId", "UserId", "Value", "EntryDateTime")	VALUES (729,6,	1,	3,	103, '2022-02-03 00:00:00');
INSERT INTO public."Sales"(	"SaleId", "BookId", "BookTypeId", "UserId", "Value", "EntryDateTime")	VALUES (730,7,	2,	3,	71, '2022-02-02 00:00:00');
INSERT INTO public."Sales"(	"SaleId", "BookId", "BookTypeId", "UserId", "Value", "EntryDateTime")	VALUES (731,3,	1,	1,	93, '2022-02-01 00:00:00');
INSERT INTO public."Sales"(	"SaleId", "BookId", "BookTypeId", "UserId", "Value", "EntryDateTime")	VALUES (732,7,	2,	2,	151, '2022-01-31 00:00:00');
INSERT INTO public."Sales"(	"SaleId", "BookId", "BookTypeId", "UserId", "Value", "EntryDateTime")	VALUES (733,1,	3,	1,	59, '2022-01-30 00:00:00');
INSERT INTO public."Sales"(	"SaleId", "BookId", "BookTypeId", "UserId", "Value", "EntryDateTime")	VALUES (734,7,	3,	1,	153, '2022-01-29 00:00:00');
INSERT INTO public."Sales"(	"SaleId", "BookId", "BookTypeId", "UserId", "Value", "EntryDateTime")	VALUES (735,1,	1,	1,	107, '2022-01-28 00:00:00');
INSERT INTO public."Sales"(	"SaleId", "BookId", "BookTypeId", "UserId", "Value", "EntryDateTime")	VALUES (736,6,	3,	1,	61, '2022-01-27 00:00:00');
INSERT INTO public."Sales"(	"SaleId", "BookId", "BookTypeId", "UserId", "Value", "EntryDateTime")	VALUES (737,5,	2,	2,	43, '2022-01-26 00:00:00');
INSERT INTO public."Sales"(	"SaleId", "BookId", "BookTypeId", "UserId", "Value", "EntryDateTime")	VALUES (738,3,	2,	3,	72, '2022-01-25 00:00:00');
INSERT INTO public."Sales"(	"SaleId", "BookId", "BookTypeId", "UserId", "Value", "EntryDateTime")	VALUES (739,1,	1,	1,	24, '2022-01-24 00:00:00');
INSERT INTO public."Sales"(	"SaleId", "BookId", "BookTypeId", "UserId", "Value", "EntryDateTime")	VALUES (740,3,	1,	2,	55, '2022-01-23 00:00:00');
INSERT INTO public."Sales"(	"SaleId", "BookId", "BookTypeId", "UserId", "Value", "EntryDateTime")	VALUES (741,3,	1,	2,	198, '2022-01-22 00:00:00');
INSERT INTO public."Sales"(	"SaleId", "BookId", "BookTypeId", "UserId", "Value", "EntryDateTime")	VALUES (742,7,	4,	3,	121, '2022-01-21 00:00:00');
INSERT INTO public."Sales"(	"SaleId", "BookId", "BookTypeId", "UserId", "Value", "EntryDateTime")	VALUES (743,6,	4,	1,	91, '2022-01-20 00:00:00');
INSERT INTO public."Sales"(	"SaleId", "BookId", "BookTypeId", "UserId", "Value", "EntryDateTime")	VALUES (744,3,	4,	2,	80, '2022-01-19 00:00:00');
INSERT INTO public."Sales"(	"SaleId", "BookId", "BookTypeId", "UserId", "Value", "EntryDateTime")	VALUES (745,6,	4,	1,	62, '2022-01-18 00:00:00');
INSERT INTO public."Sales"(	"SaleId", "BookId", "BookTypeId", "UserId", "Value", "EntryDateTime")	VALUES (746,1,	3,	2,	24, '2022-01-17 00:00:00');
INSERT INTO public."Sales"(	"SaleId", "BookId", "BookTypeId", "UserId", "Value", "EntryDateTime")	VALUES (747,7,	1,	3,	34, '2022-01-16 00:00:00');
INSERT INTO public."Sales"(	"SaleId", "BookId", "BookTypeId", "UserId", "Value", "EntryDateTime")	VALUES (748,4,	3,	3,	85, '2022-01-15 00:00:00');
INSERT INTO public."Sales"(	"SaleId", "BookId", "BookTypeId", "UserId", "Value", "EntryDateTime")	VALUES (749,7,	2,	2,	28, '2022-01-14 00:00:00');
INSERT INTO public."Sales"(	"SaleId", "BookId", "BookTypeId", "UserId", "Value", "EntryDateTime")	VALUES (750,7,	3,	1,	141, '2022-01-13 00:00:00');
INSERT INTO public."Sales"(	"SaleId", "BookId", "BookTypeId", "UserId", "Value", "EntryDateTime")	VALUES (751,1,	1,	2,	42, '2022-01-12 00:00:00');
INSERT INTO public."Sales"(	"SaleId", "BookId", "BookTypeId", "UserId", "Value", "EntryDateTime")	VALUES (752,2,	4,	1,	82, '2022-01-11 00:00:00');
INSERT INTO public."Sales"(	"SaleId", "BookId", "BookTypeId", "UserId", "Value", "EntryDateTime")	VALUES (753,7,	3,	1,	68, '2022-01-10 00:00:00');
INSERT INTO public."Sales"(	"SaleId", "BookId", "BookTypeId", "UserId", "Value", "EntryDateTime")	VALUES (754,2,	4,	3,	67, '2022-01-09 00:00:00');
INSERT INTO public."Sales"(	"SaleId", "BookId", "BookTypeId", "UserId", "Value", "EntryDateTime")	VALUES (755,5,	3,	2,	124, '2022-01-08 00:00:00');
INSERT INTO public."Sales"(	"SaleId", "BookId", "BookTypeId", "UserId", "Value", "EntryDateTime")	VALUES (756,1,	3,	3,	42, '2022-01-07 00:00:00');
INSERT INTO public."Sales"(	"SaleId", "BookId", "BookTypeId", "UserId", "Value", "EntryDateTime")	VALUES (757,1,	2,	3,	185, '2022-01-06 00:00:00');
INSERT INTO public."Sales"(	"SaleId", "BookId", "BookTypeId", "UserId", "Value", "EntryDateTime")	VALUES (758,7,	4,	3,	104, '2022-01-05 00:00:00');
INSERT INTO public."Sales"(	"SaleId", "BookId", "BookTypeId", "UserId", "Value", "EntryDateTime")	VALUES (759,4,	2,	2,	69, '2022-01-04 00:00:00');
INSERT INTO public."Sales"(	"SaleId", "BookId", "BookTypeId", "UserId", "Value", "EntryDateTime")	VALUES (760,4,	4,	3,	101, '2022-01-03 00:00:00');
INSERT INTO public."Sales"(	"SaleId", "BookId", "BookTypeId", "UserId", "Value", "EntryDateTime")	VALUES (761,3,	4,	2,	55, '2022-01-02 00:00:00');
INSERT INTO public."Sales"(	"SaleId", "BookId", "BookTypeId", "UserId", "Value", "EntryDateTime")	VALUES (762,3,	2,	2,	159, '2022-01-01 00:00:00');
INSERT INTO public."Sales"(	"SaleId", "BookId", "BookTypeId", "UserId", "Value", "EntryDateTime")	VALUES (763,3,	1,	3,	199, '2022-09-11 00:00:00');
INSERT INTO public."Sales"(	"SaleId", "BookId", "BookTypeId", "UserId", "Value", "EntryDateTime")	VALUES (764,4,	4,	1,	81, '2022-09-10 00:00:00');
INSERT INTO public."Sales"(	"SaleId", "BookId", "BookTypeId", "UserId", "Value", "EntryDateTime")	VALUES (765,5,	2,	2,	166, '2022-09-09 00:00:00');
INSERT INTO public."Sales"(	"SaleId", "BookId", "BookTypeId", "UserId", "Value", "EntryDateTime")	VALUES (766,1,	3,	2,	187, '2022-09-08 00:00:00');
INSERT INTO public."Sales"(	"SaleId", "BookId", "BookTypeId", "UserId", "Value", "EntryDateTime")	VALUES (767,2,	4,	1,	116, '2022-09-07 00:00:00');
INSERT INTO public."Sales"(	"SaleId", "BookId", "BookTypeId", "UserId", "Value", "EntryDateTime")	VALUES (768,1,	4,	1,	61, '2022-09-06 00:00:00');
INSERT INTO public."Sales"(	"SaleId", "BookId", "BookTypeId", "UserId", "Value", "EntryDateTime")	VALUES (769,7,	4,	1,	65, '2022-09-05 00:00:00');
INSERT INTO public."Sales"(	"SaleId", "BookId", "BookTypeId", "UserId", "Value", "EntryDateTime")	VALUES (770,5,	1,	2,	150, '2022-09-04 00:00:00');
INSERT INTO public."Sales"(	"SaleId", "BookId", "BookTypeId", "UserId", "Value", "EntryDateTime")	VALUES (771,6,	1,	1,	152, '2022-09-03 00:00:00');
INSERT INTO public."Sales"(	"SaleId", "BookId", "BookTypeId", "UserId", "Value", "EntryDateTime")	VALUES (772,6,	4,	2,	153, '2022-09-02 00:00:00');
INSERT INTO public."Sales"(	"SaleId", "BookId", "BookTypeId", "UserId", "Value", "EntryDateTime")	VALUES (773,3,	4,	1,	155, '2022-09-01 00:00:00');
INSERT INTO public."Sales"(	"SaleId", "BookId", "BookTypeId", "UserId", "Value", "EntryDateTime")	VALUES (774,2,	3,	2,	114, '2022-08-31 00:00:00');
INSERT INTO public."Sales"(	"SaleId", "BookId", "BookTypeId", "UserId", "Value", "EntryDateTime")	VALUES (775,6,	1,	1,	191, '2022-08-30 00:00:00');
INSERT INTO public."Sales"(	"SaleId", "BookId", "BookTypeId", "UserId", "Value", "EntryDateTime")	VALUES (776,7,	2,	3,	40, '2022-08-29 00:00:00');
INSERT INTO public."Sales"(	"SaleId", "BookId", "BookTypeId", "UserId", "Value", "EntryDateTime")	VALUES (777,6,	1,	1,	89, '2022-08-28 00:00:00');
INSERT INTO public."Sales"(	"SaleId", "BookId", "BookTypeId", "UserId", "Value", "EntryDateTime")	VALUES (778,6,	4,	3,	52, '2022-08-27 00:00:00');
INSERT INTO public."Sales"(	"SaleId", "BookId", "BookTypeId", "UserId", "Value", "EntryDateTime")	VALUES (779,1,	2,	2,	163, '2022-08-26 00:00:00');
INSERT INTO public."Sales"(	"SaleId", "BookId", "BookTypeId", "UserId", "Value", "EntryDateTime")	VALUES (780,5,	2,	1,	163, '2022-08-25 00:00:00');
INSERT INTO public."Sales"(	"SaleId", "BookId", "BookTypeId", "UserId", "Value", "EntryDateTime")	VALUES (781,5,	3,	1,	109, '2022-08-24 00:00:00');
INSERT INTO public."Sales"(	"SaleId", "BookId", "BookTypeId", "UserId", "Value", "EntryDateTime")	VALUES (782,5,	3,	1,	121, '2022-08-23 00:00:00');
INSERT INTO public."Sales"(	"SaleId", "BookId", "BookTypeId", "UserId", "Value", "EntryDateTime")	VALUES (783,4,	1,	1,	107, '2022-08-22 00:00:00');
INSERT INTO public."Sales"(	"SaleId", "BookId", "BookTypeId", "UserId", "Value", "EntryDateTime")	VALUES (784,5,	4,	2,	58, '2022-08-21 00:00:00');
INSERT INTO public."Sales"(	"SaleId", "BookId", "BookTypeId", "UserId", "Value", "EntryDateTime")	VALUES (785,2,	3,	1,	27, '2022-08-20 00:00:00');
INSERT INTO public."Sales"(	"SaleId", "BookId", "BookTypeId", "UserId", "Value", "EntryDateTime")	VALUES (786,1,	1,	3,	53, '2022-08-19 00:00:00');
INSERT INTO public."Sales"(	"SaleId", "BookId", "BookTypeId", "UserId", "Value", "EntryDateTime")	VALUES (787,4,	2,	3,	135, '2022-08-18 00:00:00');
INSERT INTO public."Sales"(	"SaleId", "BookId", "BookTypeId", "UserId", "Value", "EntryDateTime")	VALUES (788,2,	1,	2,	174, '2022-08-17 00:00:00');
INSERT INTO public."Sales"(	"SaleId", "BookId", "BookTypeId", "UserId", "Value", "EntryDateTime")	VALUES (789,7,	3,	3,	46, '2022-08-16 00:00:00');
INSERT INTO public."Sales"(	"SaleId", "BookId", "BookTypeId", "UserId", "Value", "EntryDateTime")	VALUES (790,7,	2,	3,	104, '2022-08-15 00:00:00');
INSERT INTO public."Sales"(	"SaleId", "BookId", "BookTypeId", "UserId", "Value", "EntryDateTime")	VALUES (791,5,	1,	2,	190, '2022-08-14 00:00:00');
INSERT INTO public."Sales"(	"SaleId", "BookId", "BookTypeId", "UserId", "Value", "EntryDateTime")	VALUES (792,7,	1,	3,	122, '2022-08-13 00:00:00');
INSERT INTO public."Sales"(	"SaleId", "BookId", "BookTypeId", "UserId", "Value", "EntryDateTime")	VALUES (793,1,	1,	3,	166, '2022-08-12 00:00:00');
INSERT INTO public."Sales"(	"SaleId", "BookId", "BookTypeId", "UserId", "Value", "EntryDateTime")	VALUES (794,1,	2,	2,	79, '2022-08-11 00:00:00');
INSERT INTO public."Sales"(	"SaleId", "BookId", "BookTypeId", "UserId", "Value", "EntryDateTime")	VALUES (795,3,	4,	1,	86, '2022-08-10 00:00:00');
INSERT INTO public."Sales"(	"SaleId", "BookId", "BookTypeId", "UserId", "Value", "EntryDateTime")	VALUES (796,6,	4,	2,	95, '2022-08-09 00:00:00');
INSERT INTO public."Sales"(	"SaleId", "BookId", "BookTypeId", "UserId", "Value", "EntryDateTime")	VALUES (797,3,	1,	3,	87, '2022-08-08 00:00:00');
INSERT INTO public."Sales"(	"SaleId", "BookId", "BookTypeId", "UserId", "Value", "EntryDateTime")	VALUES (798,6,	3,	3,	190, '2022-08-07 00:00:00');
INSERT INTO public."Sales"(	"SaleId", "BookId", "BookTypeId", "UserId", "Value", "EntryDateTime")	VALUES (799,5,	2,	1,	52, '2022-08-06 00:00:00');
INSERT INTO public."Sales"(	"SaleId", "BookId", "BookTypeId", "UserId", "Value", "EntryDateTime")	VALUES (800,2,	1,	3,	21, '2022-08-05 00:00:00');
INSERT INTO public."Sales"(	"SaleId", "BookId", "BookTypeId", "UserId", "Value", "EntryDateTime")	VALUES (801,4,	1,	2,	168, '2022-08-04 00:00:00');
INSERT INTO public."Sales"(	"SaleId", "BookId", "BookTypeId", "UserId", "Value", "EntryDateTime")	VALUES (802,3,	2,	1,	91, '2022-08-03 00:00:00');
INSERT INTO public."Sales"(	"SaleId", "BookId", "BookTypeId", "UserId", "Value", "EntryDateTime")	VALUES (803,7,	2,	1,	121, '2022-08-02 00:00:00');
INSERT INTO public."Sales"(	"SaleId", "BookId", "BookTypeId", "UserId", "Value", "EntryDateTime")	VALUES (804,2,	1,	2,	107, '2022-08-01 00:00:00');
INSERT INTO public."Sales"(	"SaleId", "BookId", "BookTypeId", "UserId", "Value", "EntryDateTime")	VALUES (805,7,	3,	3,	138, '2022-07-31 00:00:00');
INSERT INTO public."Sales"(	"SaleId", "BookId", "BookTypeId", "UserId", "Value", "EntryDateTime")	VALUES (806,3,	3,	3,	127, '2022-07-30 00:00:00');
INSERT INTO public."Sales"(	"SaleId", "BookId", "BookTypeId", "UserId", "Value", "EntryDateTime")	VALUES (807,5,	1,	3,	36, '2022-07-29 00:00:00');
INSERT INTO public."Sales"(	"SaleId", "BookId", "BookTypeId", "UserId", "Value", "EntryDateTime")	VALUES (808,1,	4,	1,	199, '2022-07-28 00:00:00');
INSERT INTO public."Sales"(	"SaleId", "BookId", "BookTypeId", "UserId", "Value", "EntryDateTime")	VALUES (809,3,	4,	3,	110, '2022-07-27 00:00:00');
INSERT INTO public."Sales"(	"SaleId", "BookId", "BookTypeId", "UserId", "Value", "EntryDateTime")	VALUES (810,4,	1,	2,	77, '2022-07-26 00:00:00');
INSERT INTO public."Sales"(	"SaleId", "BookId", "BookTypeId", "UserId", "Value", "EntryDateTime")	VALUES (811,4,	4,	2,	73, '2022-07-25 00:00:00');
INSERT INTO public."Sales"(	"SaleId", "BookId", "BookTypeId", "UserId", "Value", "EntryDateTime")	VALUES (812,4,	4,	1,	179, '2022-07-24 00:00:00');
INSERT INTO public."Sales"(	"SaleId", "BookId", "BookTypeId", "UserId", "Value", "EntryDateTime")	VALUES (813,2,	2,	1,	40, '2022-07-23 00:00:00');
INSERT INTO public."Sales"(	"SaleId", "BookId", "BookTypeId", "UserId", "Value", "EntryDateTime")	VALUES (814,1,	2,	1,	94, '2022-07-22 00:00:00');
INSERT INTO public."Sales"(	"SaleId", "BookId", "BookTypeId", "UserId", "Value", "EntryDateTime")	VALUES (815,3,	2,	1,	188, '2022-07-21 00:00:00');
INSERT INTO public."Sales"(	"SaleId", "BookId", "BookTypeId", "UserId", "Value", "EntryDateTime")	VALUES (816,6,	1,	3,	172, '2022-07-20 00:00:00');
INSERT INTO public."Sales"(	"SaleId", "BookId", "BookTypeId", "UserId", "Value", "EntryDateTime")	VALUES (817,5,	3,	2,	26, '2022-07-19 00:00:00');
INSERT INTO public."Sales"(	"SaleId", "BookId", "BookTypeId", "UserId", "Value", "EntryDateTime")	VALUES (818,3,	3,	1,	118, '2022-07-18 00:00:00');
INSERT INTO public."Sales"(	"SaleId", "BookId", "BookTypeId", "UserId", "Value", "EntryDateTime")	VALUES (819,6,	3,	1,	81, '2022-07-17 00:00:00');
INSERT INTO public."Sales"(	"SaleId", "BookId", "BookTypeId", "UserId", "Value", "EntryDateTime")	VALUES (820,7,	4,	2,	142, '2022-07-16 00:00:00');
INSERT INTO public."Sales"(	"SaleId", "BookId", "BookTypeId", "UserId", "Value", "EntryDateTime")	VALUES (821,7,	3,	3,	39, '2022-07-15 00:00:00');
INSERT INTO public."Sales"(	"SaleId", "BookId", "BookTypeId", "UserId", "Value", "EntryDateTime")	VALUES (822,2,	4,	3,	104, '2022-07-14 00:00:00');
INSERT INTO public."Sales"(	"SaleId", "BookId", "BookTypeId", "UserId", "Value", "EntryDateTime")	VALUES (823,5,	3,	2,	146, '2022-07-13 00:00:00');
INSERT INTO public."Sales"(	"SaleId", "BookId", "BookTypeId", "UserId", "Value", "EntryDateTime")	VALUES (824,1,	2,	2,	164, '2022-07-12 00:00:00');
INSERT INTO public."Sales"(	"SaleId", "BookId", "BookTypeId", "UserId", "Value", "EntryDateTime")	VALUES (825,4,	1,	1,	72, '2022-07-11 00:00:00');
INSERT INTO public."Sales"(	"SaleId", "BookId", "BookTypeId", "UserId", "Value", "EntryDateTime")	VALUES (826,1,	4,	3,	156, '2022-07-10 00:00:00');
INSERT INTO public."Sales"(	"SaleId", "BookId", "BookTypeId", "UserId", "Value", "EntryDateTime")	VALUES (827,7,	2,	3,	185, '2022-07-09 00:00:00');
INSERT INTO public."Sales"(	"SaleId", "BookId", "BookTypeId", "UserId", "Value", "EntryDateTime")	VALUES (828,6,	3,	1,	91, '2022-07-08 00:00:00');
INSERT INTO public."Sales"(	"SaleId", "BookId", "BookTypeId", "UserId", "Value", "EntryDateTime")	VALUES (829,2,	3,	2,	42, '2022-07-07 00:00:00');
INSERT INTO public."Sales"(	"SaleId", "BookId", "BookTypeId", "UserId", "Value", "EntryDateTime")	VALUES (830,1,	3,	1,	33, '2022-07-06 00:00:00');
INSERT INTO public."Sales"(	"SaleId", "BookId", "BookTypeId", "UserId", "Value", "EntryDateTime")	VALUES (831,6,	2,	2,	142, '2022-07-05 00:00:00');
INSERT INTO public."Sales"(	"SaleId", "BookId", "BookTypeId", "UserId", "Value", "EntryDateTime")	VALUES (832,3,	4,	1,	60, '2022-07-04 00:00:00');
INSERT INTO public."Sales"(	"SaleId", "BookId", "BookTypeId", "UserId", "Value", "EntryDateTime")	VALUES (833,4,	3,	3,	32, '2022-07-03 00:00:00');
INSERT INTO public."Sales"(	"SaleId", "BookId", "BookTypeId", "UserId", "Value", "EntryDateTime")	VALUES (834,3,	1,	3,	108, '2022-07-02 00:00:00');
INSERT INTO public."Sales"(	"SaleId", "BookId", "BookTypeId", "UserId", "Value", "EntryDateTime")	VALUES (835,5,	4,	3,	149, '2022-07-01 00:00:00');
INSERT INTO public."Sales"(	"SaleId", "BookId", "BookTypeId", "UserId", "Value", "EntryDateTime")	VALUES (836,4,	4,	1,	148, '2022-06-30 00:00:00');
INSERT INTO public."Sales"(	"SaleId", "BookId", "BookTypeId", "UserId", "Value", "EntryDateTime")	VALUES (837,2,	4,	1,	170, '2022-06-29 00:00:00');
INSERT INTO public."Sales"(	"SaleId", "BookId", "BookTypeId", "UserId", "Value", "EntryDateTime")	VALUES (838,6,	4,	1,	181, '2022-06-28 00:00:00');
INSERT INTO public."Sales"(	"SaleId", "BookId", "BookTypeId", "UserId", "Value", "EntryDateTime")	VALUES (839,3,	1,	2,	131, '2022-06-27 00:00:00');
INSERT INTO public."Sales"(	"SaleId", "BookId", "BookTypeId", "UserId", "Value", "EntryDateTime")	VALUES (840,4,	4,	1,	128, '2022-06-26 00:00:00');
INSERT INTO public."Sales"(	"SaleId", "BookId", "BookTypeId", "UserId", "Value", "EntryDateTime")	VALUES (841,4,	1,	2,	157, '2022-06-25 00:00:00');
INSERT INTO public."Sales"(	"SaleId", "BookId", "BookTypeId", "UserId", "Value", "EntryDateTime")	VALUES (842,3,	3,	1,	49, '2022-06-24 00:00:00');
INSERT INTO public."Sales"(	"SaleId", "BookId", "BookTypeId", "UserId", "Value", "EntryDateTime")	VALUES (843,3,	4,	2,	170, '2022-06-23 00:00:00');
INSERT INTO public."Sales"(	"SaleId", "BookId", "BookTypeId", "UserId", "Value", "EntryDateTime")	VALUES (844,7,	2,	2,	188, '2022-06-22 00:00:00');
INSERT INTO public."Sales"(	"SaleId", "BookId", "BookTypeId", "UserId", "Value", "EntryDateTime")	VALUES (845,5,	4,	1,	97, '2022-06-21 00:00:00');
INSERT INTO public."Sales"(	"SaleId", "BookId", "BookTypeId", "UserId", "Value", "EntryDateTime")	VALUES (846,3,	3,	3,	79, '2022-06-20 00:00:00');
INSERT INTO public."Sales"(	"SaleId", "BookId", "BookTypeId", "UserId", "Value", "EntryDateTime")	VALUES (847,1,	1,	2,	46, '2022-06-19 00:00:00');
INSERT INTO public."Sales"(	"SaleId", "BookId", "BookTypeId", "UserId", "Value", "EntryDateTime")	VALUES (848,5,	1,	2,	110, '2022-06-18 00:00:00');
INSERT INTO public."Sales"(	"SaleId", "BookId", "BookTypeId", "UserId", "Value", "EntryDateTime")	VALUES (849,1,	1,	1,	69, '2022-06-17 00:00:00');
INSERT INTO public."Sales"(	"SaleId", "BookId", "BookTypeId", "UserId", "Value", "EntryDateTime")	VALUES (850,2,	4,	2,	168, '2022-06-16 00:00:00');
INSERT INTO public."Sales"(	"SaleId", "BookId", "BookTypeId", "UserId", "Value", "EntryDateTime")	VALUES (851,1,	3,	1,	53, '2022-06-15 00:00:00');
INSERT INTO public."Sales"(	"SaleId", "BookId", "BookTypeId", "UserId", "Value", "EntryDateTime")	VALUES (852,3,	3,	3,	123, '2022-06-14 00:00:00');
INSERT INTO public."Sales"(	"SaleId", "BookId", "BookTypeId", "UserId", "Value", "EntryDateTime")	VALUES (853,3,	4,	3,	187, '2022-06-13 00:00:00');
INSERT INTO public."Sales"(	"SaleId", "BookId", "BookTypeId", "UserId", "Value", "EntryDateTime")	VALUES (854,7,	4,	3,	157, '2022-06-12 00:00:00');
INSERT INTO public."Sales"(	"SaleId", "BookId", "BookTypeId", "UserId", "Value", "EntryDateTime")	VALUES (855,6,	1,	3,	75, '2022-06-11 00:00:00');
INSERT INTO public."Sales"(	"SaleId", "BookId", "BookTypeId", "UserId", "Value", "EntryDateTime")	VALUES (856,1,	1,	3,	43, '2022-06-10 00:00:00');
INSERT INTO public."Sales"(	"SaleId", "BookId", "BookTypeId", "UserId", "Value", "EntryDateTime")	VALUES (857,1,	4,	1,	108, '2022-06-09 00:00:00');
INSERT INTO public."Sales"(	"SaleId", "BookId", "BookTypeId", "UserId", "Value", "EntryDateTime")	VALUES (858,1,	4,	3,	107, '2022-06-08 00:00:00');
INSERT INTO public."Sales"(	"SaleId", "BookId", "BookTypeId", "UserId", "Value", "EntryDateTime")	VALUES (859,5,	3,	2,	101, '2022-06-07 00:00:00');
INSERT INTO public."Sales"(	"SaleId", "BookId", "BookTypeId", "UserId", "Value", "EntryDateTime")	VALUES (860,2,	2,	3,	143, '2022-06-06 00:00:00');
INSERT INTO public."Sales"(	"SaleId", "BookId", "BookTypeId", "UserId", "Value", "EntryDateTime")	VALUES (861,4,	2,	3,	105, '2022-06-05 00:00:00');
INSERT INTO public."Sales"(	"SaleId", "BookId", "BookTypeId", "UserId", "Value", "EntryDateTime")	VALUES (862,7,	2,	3,	127, '2022-06-04 00:00:00');
INSERT INTO public."Sales"(	"SaleId", "BookId", "BookTypeId", "UserId", "Value", "EntryDateTime")	VALUES (863,2,	4,	3,	74, '2022-06-03 00:00:00');
INSERT INTO public."Sales"(	"SaleId", "BookId", "BookTypeId", "UserId", "Value", "EntryDateTime")	VALUES (864,6,	1,	2,	42, '2022-06-02 00:00:00');
INSERT INTO public."Sales"(	"SaleId", "BookId", "BookTypeId", "UserId", "Value", "EntryDateTime")	VALUES (865,3,	4,	2,	197, '2022-06-01 00:00:00');
INSERT INTO public."Sales"(	"SaleId", "BookId", "BookTypeId", "UserId", "Value", "EntryDateTime")	VALUES (866,7,	2,	3,	155, '2022-05-31 00:00:00');
INSERT INTO public."Sales"(	"SaleId", "BookId", "BookTypeId", "UserId", "Value", "EntryDateTime")	VALUES (867,5,	1,	3,	88, '2022-05-30 00:00:00');
INSERT INTO public."Sales"(	"SaleId", "BookId", "BookTypeId", "UserId", "Value", "EntryDateTime")	VALUES (868,6,	3,	1,	153, '2022-05-29 00:00:00');
INSERT INTO public."Sales"(	"SaleId", "BookId", "BookTypeId", "UserId", "Value", "EntryDateTime")	VALUES (869,5,	1,	1,	197, '2022-05-28 00:00:00');
INSERT INTO public."Sales"(	"SaleId", "BookId", "BookTypeId", "UserId", "Value", "EntryDateTime")	VALUES (870,5,	1,	3,	185, '2022-05-27 00:00:00');
INSERT INTO public."Sales"(	"SaleId", "BookId", "BookTypeId", "UserId", "Value", "EntryDateTime")	VALUES (871,2,	1,	3,	104, '2022-05-26 00:00:00');
INSERT INTO public."Sales"(	"SaleId", "BookId", "BookTypeId", "UserId", "Value", "EntryDateTime")	VALUES (872,5,	1,	1,	180, '2022-05-25 00:00:00');
INSERT INTO public."Sales"(	"SaleId", "BookId", "BookTypeId", "UserId", "Value", "EntryDateTime")	VALUES (873,5,	4,	2,	149, '2022-05-24 00:00:00');
INSERT INTO public."Sales"(	"SaleId", "BookId", "BookTypeId", "UserId", "Value", "EntryDateTime")	VALUES (874,1,	2,	1,	62, '2022-05-23 00:00:00');
INSERT INTO public."Sales"(	"SaleId", "BookId", "BookTypeId", "UserId", "Value", "EntryDateTime")	VALUES (875,7,	3,	2,	159, '2022-05-22 00:00:00');
INSERT INTO public."Sales"(	"SaleId", "BookId", "BookTypeId", "UserId", "Value", "EntryDateTime")	VALUES (876,4,	2,	1,	94, '2022-05-21 00:00:00');
INSERT INTO public."Sales"(	"SaleId", "BookId", "BookTypeId", "UserId", "Value", "EntryDateTime")	VALUES (877,7,	3,	1,	95, '2022-05-20 00:00:00');
INSERT INTO public."Sales"(	"SaleId", "BookId", "BookTypeId", "UserId", "Value", "EntryDateTime")	VALUES (878,1,	4,	1,	23, '2022-05-19 00:00:00');
INSERT INTO public."Sales"(	"SaleId", "BookId", "BookTypeId", "UserId", "Value", "EntryDateTime")	VALUES (879,5,	4,	2,	199, '2022-05-18 00:00:00');
INSERT INTO public."Sales"(	"SaleId", "BookId", "BookTypeId", "UserId", "Value", "EntryDateTime")	VALUES (880,4,	3,	3,	39, '2022-05-17 00:00:00');
INSERT INTO public."Sales"(	"SaleId", "BookId", "BookTypeId", "UserId", "Value", "EntryDateTime")	VALUES (881,2,	3,	3,	142, '2022-05-16 00:00:00');
INSERT INTO public."Sales"(	"SaleId", "BookId", "BookTypeId", "UserId", "Value", "EntryDateTime")	VALUES (882,1,	4,	1,	126, '2022-05-15 00:00:00');
INSERT INTO public."Sales"(	"SaleId", "BookId", "BookTypeId", "UserId", "Value", "EntryDateTime")	VALUES (883,3,	3,	2,	33, '2022-05-14 00:00:00');
INSERT INTO public."Sales"(	"SaleId", "BookId", "BookTypeId", "UserId", "Value", "EntryDateTime")	VALUES (884,3,	4,	1,	128, '2022-05-13 00:00:00');
INSERT INTO public."Sales"(	"SaleId", "BookId", "BookTypeId", "UserId", "Value", "EntryDateTime")	VALUES (885,5,	1,	2,	153, '2022-05-12 00:00:00');
INSERT INTO public."Sales"(	"SaleId", "BookId", "BookTypeId", "UserId", "Value", "EntryDateTime")	VALUES (886,2,	4,	2,	25, '2022-05-11 00:00:00');
INSERT INTO public."Sales"(	"SaleId", "BookId", "BookTypeId", "UserId", "Value", "EntryDateTime")	VALUES (887,5,	4,	3,	50, '2022-05-10 00:00:00');
INSERT INTO public."Sales"(	"SaleId", "BookId", "BookTypeId", "UserId", "Value", "EntryDateTime")	VALUES (888,2,	2,	2,	153, '2022-05-09 00:00:00');
INSERT INTO public."Sales"(	"SaleId", "BookId", "BookTypeId", "UserId", "Value", "EntryDateTime")	VALUES (889,7,	1,	3,	167, '2022-05-08 00:00:00');
INSERT INTO public."Sales"(	"SaleId", "BookId", "BookTypeId", "UserId", "Value", "EntryDateTime")	VALUES (890,3,	1,	1,	194, '2022-05-07 00:00:00');
INSERT INTO public."Sales"(	"SaleId", "BookId", "BookTypeId", "UserId", "Value", "EntryDateTime")	VALUES (891,2,	2,	2,	194, '2022-05-06 00:00:00');
INSERT INTO public."Sales"(	"SaleId", "BookId", "BookTypeId", "UserId", "Value", "EntryDateTime")	VALUES (892,2,	4,	1,	133, '2022-05-05 00:00:00');
INSERT INTO public."Sales"(	"SaleId", "BookId", "BookTypeId", "UserId", "Value", "EntryDateTime")	VALUES (893,7,	1,	3,	57, '2022-05-04 00:00:00');
INSERT INTO public."Sales"(	"SaleId", "BookId", "BookTypeId", "UserId", "Value", "EntryDateTime")	VALUES (894,2,	1,	1,	38, '2022-05-03 00:00:00');
INSERT INTO public."Sales"(	"SaleId", "BookId", "BookTypeId", "UserId", "Value", "EntryDateTime")	VALUES (895,1,	1,	1,	161, '2022-05-02 00:00:00');
INSERT INTO public."Sales"(	"SaleId", "BookId", "BookTypeId", "UserId", "Value", "EntryDateTime")	VALUES (896,7,	2,	1,	106, '2022-05-01 00:00:00');
INSERT INTO public."Sales"(	"SaleId", "BookId", "BookTypeId", "UserId", "Value", "EntryDateTime")	VALUES (897,4,	1,	2,	116, '2022-04-30 00:00:00');
INSERT INTO public."Sales"(	"SaleId", "BookId", "BookTypeId", "UserId", "Value", "EntryDateTime")	VALUES (898,2,	4,	2,	116, '2022-04-29 00:00:00');
INSERT INTO public."Sales"(	"SaleId", "BookId", "BookTypeId", "UserId", "Value", "EntryDateTime")	VALUES (899,5,	1,	3,	160, '2022-04-28 00:00:00');
INSERT INTO public."Sales"(	"SaleId", "BookId", "BookTypeId", "UserId", "Value", "EntryDateTime")	VALUES (900,2,	2,	2,	28, '2022-04-27 00:00:00');
INSERT INTO public."Sales"(	"SaleId", "BookId", "BookTypeId", "UserId", "Value", "EntryDateTime")	VALUES (901,1,	4,	2,	41, '2022-04-26 00:00:00');
INSERT INTO public."Sales"(	"SaleId", "BookId", "BookTypeId", "UserId", "Value", "EntryDateTime")	VALUES (902,5,	2,	1,	54, '2022-04-25 00:00:00');
INSERT INTO public."Sales"(	"SaleId", "BookId", "BookTypeId", "UserId", "Value", "EntryDateTime")	VALUES (903,3,	1,	1,	195, '2022-04-24 00:00:00');
INSERT INTO public."Sales"(	"SaleId", "BookId", "BookTypeId", "UserId", "Value", "EntryDateTime")	VALUES (904,2,	3,	3,	60, '2022-04-23 00:00:00');
INSERT INTO public."Sales"(	"SaleId", "BookId", "BookTypeId", "UserId", "Value", "EntryDateTime")	VALUES (905,7,	2,	3,	103, '2022-04-22 00:00:00');
INSERT INTO public."Sales"(	"SaleId", "BookId", "BookTypeId", "UserId", "Value", "EntryDateTime")	VALUES (906,1,	1,	1,	198, '2022-04-21 00:00:00');
INSERT INTO public."Sales"(	"SaleId", "BookId", "BookTypeId", "UserId", "Value", "EntryDateTime")	VALUES (907,6,	3,	2,	145, '2022-04-20 00:00:00');
INSERT INTO public."Sales"(	"SaleId", "BookId", "BookTypeId", "UserId", "Value", "EntryDateTime")	VALUES (908,6,	1,	3,	194, '2022-04-19 00:00:00');
INSERT INTO public."Sales"(	"SaleId", "BookId", "BookTypeId", "UserId", "Value", "EntryDateTime")	VALUES (909,4,	3,	2,	175, '2022-04-18 00:00:00');
INSERT INTO public."Sales"(	"SaleId", "BookId", "BookTypeId", "UserId", "Value", "EntryDateTime")	VALUES (910,4,	2,	2,	55, '2022-04-17 00:00:00');
INSERT INTO public."Sales"(	"SaleId", "BookId", "BookTypeId", "UserId", "Value", "EntryDateTime")	VALUES (911,7,	3,	3,	101, '2022-04-16 00:00:00');
INSERT INTO public."Sales"(	"SaleId", "BookId", "BookTypeId", "UserId", "Value", "EntryDateTime")	VALUES (912,4,	2,	2,	175, '2022-04-15 00:00:00');
INSERT INTO public."Sales"(	"SaleId", "BookId", "BookTypeId", "UserId", "Value", "EntryDateTime")	VALUES (913,2,	4,	2,	68, '2022-04-14 00:00:00');
INSERT INTO public."Sales"(	"SaleId", "BookId", "BookTypeId", "UserId", "Value", "EntryDateTime")	VALUES (914,7,	2,	1,	89, '2022-04-13 00:00:00');
INSERT INTO public."Sales"(	"SaleId", "BookId", "BookTypeId", "UserId", "Value", "EntryDateTime")	VALUES (915,7,	3,	1,	31, '2022-04-12 00:00:00');
INSERT INTO public."Sales"(	"SaleId", "BookId", "BookTypeId", "UserId", "Value", "EntryDateTime")	VALUES (916,5,	4,	2,	99, '2022-04-11 00:00:00');
INSERT INTO public."Sales"(	"SaleId", "BookId", "BookTypeId", "UserId", "Value", "EntryDateTime")	VALUES (917,1,	2,	3,	137, '2022-04-10 00:00:00');
INSERT INTO public."Sales"(	"SaleId", "BookId", "BookTypeId", "UserId", "Value", "EntryDateTime")	VALUES (918,5,	1,	1,	150, '2022-04-09 00:00:00');
INSERT INTO public."Sales"(	"SaleId", "BookId", "BookTypeId", "UserId", "Value", "EntryDateTime")	VALUES (919,7,	1,	3,	184, '2022-04-08 00:00:00');
INSERT INTO public."Sales"(	"SaleId", "BookId", "BookTypeId", "UserId", "Value", "EntryDateTime")	VALUES (920,5,	3,	3,	162, '2022-04-07 00:00:00');
INSERT INTO public."Sales"(	"SaleId", "BookId", "BookTypeId", "UserId", "Value", "EntryDateTime")	VALUES (921,7,	3,	1,	93, '2022-04-06 00:00:00');
INSERT INTO public."Sales"(	"SaleId", "BookId", "BookTypeId", "UserId", "Value", "EntryDateTime")	VALUES (922,6,	3,	2,	30, '2022-04-05 00:00:00');
INSERT INTO public."Sales"(	"SaleId", "BookId", "BookTypeId", "UserId", "Value", "EntryDateTime")	VALUES (923,6,	1,	3,	48, '2022-04-04 00:00:00');
INSERT INTO public."Sales"(	"SaleId", "BookId", "BookTypeId", "UserId", "Value", "EntryDateTime")	VALUES (924,2,	3,	2,	22, '2022-04-03 00:00:00');
INSERT INTO public."Sales"(	"SaleId", "BookId", "BookTypeId", "UserId", "Value", "EntryDateTime")	VALUES (925,7,	1,	3,	143, '2022-04-02 00:00:00');
INSERT INTO public."Sales"(	"SaleId", "BookId", "BookTypeId", "UserId", "Value", "EntryDateTime")	VALUES (926,7,	3,	1,	197, '2022-04-01 00:00:00');
INSERT INTO public."Sales"(	"SaleId", "BookId", "BookTypeId", "UserId", "Value", "EntryDateTime")	VALUES (927,6,	1,	2,	51, '2022-03-31 00:00:00');
INSERT INTO public."Sales"(	"SaleId", "BookId", "BookTypeId", "UserId", "Value", "EntryDateTime")	VALUES (928,3,	4,	2,	83, '2022-03-30 00:00:00');
INSERT INTO public."Sales"(	"SaleId", "BookId", "BookTypeId", "UserId", "Value", "EntryDateTime")	VALUES (929,6,	3,	2,	47, '2022-03-29 00:00:00');
INSERT INTO public."Sales"(	"SaleId", "BookId", "BookTypeId", "UserId", "Value", "EntryDateTime")	VALUES (930,3,	1,	3,	154, '2022-03-28 00:00:00');
INSERT INTO public."Sales"(	"SaleId", "BookId", "BookTypeId", "UserId", "Value", "EntryDateTime")	VALUES (931,6,	4,	2,	194, '2022-03-27 00:00:00');
INSERT INTO public."Sales"(	"SaleId", "BookId", "BookTypeId", "UserId", "Value", "EntryDateTime")	VALUES (932,2,	3,	3,	173, '2022-03-26 00:00:00');
INSERT INTO public."Sales"(	"SaleId", "BookId", "BookTypeId", "UserId", "Value", "EntryDateTime")	VALUES (933,1,	3,	1,	130, '2022-03-25 00:00:00');
INSERT INTO public."Sales"(	"SaleId", "BookId", "BookTypeId", "UserId", "Value", "EntryDateTime")	VALUES (934,6,	1,	3,	90, '2022-03-24 00:00:00');
INSERT INTO public."Sales"(	"SaleId", "BookId", "BookTypeId", "UserId", "Value", "EntryDateTime")	VALUES (935,4,	3,	2,	129, '2022-03-23 00:00:00');
INSERT INTO public."Sales"(	"SaleId", "BookId", "BookTypeId", "UserId", "Value", "EntryDateTime")	VALUES (936,3,	4,	2,	54, '2022-03-22 00:00:00');
INSERT INTO public."Sales"(	"SaleId", "BookId", "BookTypeId", "UserId", "Value", "EntryDateTime")	VALUES (937,3,	3,	1,	98, '2022-03-21 00:00:00');
INSERT INTO public."Sales"(	"SaleId", "BookId", "BookTypeId", "UserId", "Value", "EntryDateTime")	VALUES (938,4,	3,	1,	158, '2022-03-20 00:00:00');
INSERT INTO public."Sales"(	"SaleId", "BookId", "BookTypeId", "UserId", "Value", "EntryDateTime")	VALUES (939,2,	3,	1,	183, '2022-03-19 00:00:00');
INSERT INTO public."Sales"(	"SaleId", "BookId", "BookTypeId", "UserId", "Value", "EntryDateTime")	VALUES (940,3,	4,	1,	34, '2022-03-18 00:00:00');
INSERT INTO public."Sales"(	"SaleId", "BookId", "BookTypeId", "UserId", "Value", "EntryDateTime")	VALUES (941,7,	1,	3,	175, '2022-03-17 00:00:00');
INSERT INTO public."Sales"(	"SaleId", "BookId", "BookTypeId", "UserId", "Value", "EntryDateTime")	VALUES (942,6,	4,	2,	123, '2022-03-16 00:00:00');
INSERT INTO public."Sales"(	"SaleId", "BookId", "BookTypeId", "UserId", "Value", "EntryDateTime")	VALUES (943,6,	2,	1,	80, '2022-03-15 00:00:00');
INSERT INTO public."Sales"(	"SaleId", "BookId", "BookTypeId", "UserId", "Value", "EntryDateTime")	VALUES (944,2,	1,	1,	182, '2022-03-14 00:00:00');
INSERT INTO public."Sales"(	"SaleId", "BookId", "BookTypeId", "UserId", "Value", "EntryDateTime")	VALUES (945,5,	1,	1,	48, '2022-03-13 00:00:00');
INSERT INTO public."Sales"(	"SaleId", "BookId", "BookTypeId", "UserId", "Value", "EntryDateTime")	VALUES (946,1,	3,	2,	31, '2022-03-12 00:00:00');
INSERT INTO public."Sales"(	"SaleId", "BookId", "BookTypeId", "UserId", "Value", "EntryDateTime")	VALUES (947,1,	3,	2,	29, '2022-03-11 00:00:00');
INSERT INTO public."Sales"(	"SaleId", "BookId", "BookTypeId", "UserId", "Value", "EntryDateTime")	VALUES (948,1,	1,	3,	88, '2022-03-10 00:00:00');
INSERT INTO public."Sales"(	"SaleId", "BookId", "BookTypeId", "UserId", "Value", "EntryDateTime")	VALUES (949,2,	1,	2,	167, '2022-03-09 00:00:00');
INSERT INTO public."Sales"(	"SaleId", "BookId", "BookTypeId", "UserId", "Value", "EntryDateTime")	VALUES (950,2,	3,	1,	61, '2022-03-08 00:00:00');
INSERT INTO public."Sales"(	"SaleId", "BookId", "BookTypeId", "UserId", "Value", "EntryDateTime")	VALUES (951,1,	2,	1,	88, '2022-03-07 00:00:00');
INSERT INTO public."Sales"(	"SaleId", "BookId", "BookTypeId", "UserId", "Value", "EntryDateTime")	VALUES (952,3,	1,	3,	84, '2022-03-06 00:00:00');
INSERT INTO public."Sales"(	"SaleId", "BookId", "BookTypeId", "UserId", "Value", "EntryDateTime")	VALUES (953,6,	3,	2,	47, '2022-03-05 00:00:00');
INSERT INTO public."Sales"(	"SaleId", "BookId", "BookTypeId", "UserId", "Value", "EntryDateTime")	VALUES (954,2,	3,	1,	107, '2022-03-04 00:00:00');
INSERT INTO public."Sales"(	"SaleId", "BookId", "BookTypeId", "UserId", "Value", "EntryDateTime")	VALUES (955,5,	3,	2,	156, '2022-03-03 00:00:00');
INSERT INTO public."Sales"(	"SaleId", "BookId", "BookTypeId", "UserId", "Value", "EntryDateTime")	VALUES (956,2,	1,	2,	164, '2022-03-02 00:00:00');
INSERT INTO public."Sales"(	"SaleId", "BookId", "BookTypeId", "UserId", "Value", "EntryDateTime")	VALUES (957,7,	4,	2,	47, '2022-03-01 00:00:00');
INSERT INTO public."Sales"(	"SaleId", "BookId", "BookTypeId", "UserId", "Value", "EntryDateTime")	VALUES (958,3,	3,	2,	135, '2022-02-28 00:00:00');
INSERT INTO public."Sales"(	"SaleId", "BookId", "BookTypeId", "UserId", "Value", "EntryDateTime")	VALUES (959,5,	2,	3,	138, '2022-02-27 00:00:00');
INSERT INTO public."Sales"(	"SaleId", "BookId", "BookTypeId", "UserId", "Value", "EntryDateTime")	VALUES (960,1,	1,	2,	67, '2022-02-26 00:00:00');
INSERT INTO public."Sales"(	"SaleId", "BookId", "BookTypeId", "UserId", "Value", "EntryDateTime")	VALUES (961,1,	4,	1,	135, '2022-02-25 00:00:00');
INSERT INTO public."Sales"(	"SaleId", "BookId", "BookTypeId", "UserId", "Value", "EntryDateTime")	VALUES (962,2,	2,	3,	49, '2022-02-24 00:00:00');
INSERT INTO public."Sales"(	"SaleId", "BookId", "BookTypeId", "UserId", "Value", "EntryDateTime")	VALUES (963,7,	3,	3,	128, '2022-02-23 00:00:00');
INSERT INTO public."Sales"(	"SaleId", "BookId", "BookTypeId", "UserId", "Value", "EntryDateTime")	VALUES (964,2,	2,	2,	58, '2022-02-22 00:00:00');
INSERT INTO public."Sales"(	"SaleId", "BookId", "BookTypeId", "UserId", "Value", "EntryDateTime")	VALUES (965,5,	2,	1,	136, '2022-02-21 00:00:00');
INSERT INTO public."Sales"(	"SaleId", "BookId", "BookTypeId", "UserId", "Value", "EntryDateTime")	VALUES (966,3,	4,	3,	50, '2022-02-20 00:00:00');
INSERT INTO public."Sales"(	"SaleId", "BookId", "BookTypeId", "UserId", "Value", "EntryDateTime")	VALUES (967,4,	3,	2,	87, '2022-02-19 00:00:00');
INSERT INTO public."Sales"(	"SaleId", "BookId", "BookTypeId", "UserId", "Value", "EntryDateTime")	VALUES (968,6,	1,	3,	109, '2022-02-18 00:00:00');
INSERT INTO public."Sales"(	"SaleId", "BookId", "BookTypeId", "UserId", "Value", "EntryDateTime")	VALUES (969,5,	2,	1,	39, '2022-02-17 00:00:00');
INSERT INTO public."Sales"(	"SaleId", "BookId", "BookTypeId", "UserId", "Value", "EntryDateTime")	VALUES (970,3,	4,	3,	49, '2022-02-16 00:00:00');
INSERT INTO public."Sales"(	"SaleId", "BookId", "BookTypeId", "UserId", "Value", "EntryDateTime")	VALUES (971,4,	1,	3,	43, '2022-02-15 00:00:00');
INSERT INTO public."Sales"(	"SaleId", "BookId", "BookTypeId", "UserId", "Value", "EntryDateTime")	VALUES (972,2,	1,	3,	128, '2022-02-14 00:00:00');
INSERT INTO public."Sales"(	"SaleId", "BookId", "BookTypeId", "UserId", "Value", "EntryDateTime")	VALUES (973,6,	3,	1,	187, '2022-02-13 00:00:00');
INSERT INTO public."Sales"(	"SaleId", "BookId", "BookTypeId", "UserId", "Value", "EntryDateTime")	VALUES (974,2,	4,	2,	174, '2022-02-12 00:00:00');
INSERT INTO public."Sales"(	"SaleId", "BookId", "BookTypeId", "UserId", "Value", "EntryDateTime")	VALUES (975,4,	2,	1,	151, '2022-02-11 00:00:00');
INSERT INTO public."Sales"(	"SaleId", "BookId", "BookTypeId", "UserId", "Value", "EntryDateTime")	VALUES (976,6,	1,	2,	164, '2022-02-10 00:00:00');
INSERT INTO public."Sales"(	"SaleId", "BookId", "BookTypeId", "UserId", "Value", "EntryDateTime")	VALUES (977,6,	2,	3,	72, '2022-02-09 00:00:00');
INSERT INTO public."Sales"(	"SaleId", "BookId", "BookTypeId", "UserId", "Value", "EntryDateTime")	VALUES (978,1,	4,	3,	93, '2022-02-08 00:00:00');
INSERT INTO public."Sales"(	"SaleId", "BookId", "BookTypeId", "UserId", "Value", "EntryDateTime")	VALUES (979,1,	4,	1,	54, '2022-02-07 00:00:00');
INSERT INTO public."Sales"(	"SaleId", "BookId", "BookTypeId", "UserId", "Value", "EntryDateTime")	VALUES (980,7,	3,	1,	54, '2022-02-06 00:00:00');
INSERT INTO public."Sales"(	"SaleId", "BookId", "BookTypeId", "UserId", "Value", "EntryDateTime")	VALUES (981,2,	4,	2,	172, '2022-02-05 00:00:00');
INSERT INTO public."Sales"(	"SaleId", "BookId", "BookTypeId", "UserId", "Value", "EntryDateTime")	VALUES (982,1,	4,	3,	29, '2022-02-04 00:00:00');
INSERT INTO public."Sales"(	"SaleId", "BookId", "BookTypeId", "UserId", "Value", "EntryDateTime")	VALUES (983,2,	1,	2,	92, '2022-02-03 00:00:00');
INSERT INTO public."Sales"(	"SaleId", "BookId", "BookTypeId", "UserId", "Value", "EntryDateTime")	VALUES (984,6,	4,	3,	93, '2022-02-02 00:00:00');
INSERT INTO public."Sales"(	"SaleId", "BookId", "BookTypeId", "UserId", "Value", "EntryDateTime")	VALUES (985,2,	3,	3,	42, '2022-02-01 00:00:00');
INSERT INTO public."Sales"(	"SaleId", "BookId", "BookTypeId", "UserId", "Value", "EntryDateTime")	VALUES (986,7,	2,	1,	54, '2022-01-31 00:00:00');
INSERT INTO public."Sales"(	"SaleId", "BookId", "BookTypeId", "UserId", "Value", "EntryDateTime")	VALUES (987,1,	1,	2,	49, '2022-01-30 00:00:00');
INSERT INTO public."Sales"(	"SaleId", "BookId", "BookTypeId", "UserId", "Value", "EntryDateTime")	VALUES (988,6,	4,	2,	64, '2022-01-29 00:00:00');
INSERT INTO public."Sales"(	"SaleId", "BookId", "BookTypeId", "UserId", "Value", "EntryDateTime")	VALUES (989,6,	1,	2,	49, '2022-01-28 00:00:00');
INSERT INTO public."Sales"(	"SaleId", "BookId", "BookTypeId", "UserId", "Value", "EntryDateTime")	VALUES (990,1,	1,	3,	174, '2022-01-27 00:00:00');
INSERT INTO public."Sales"(	"SaleId", "BookId", "BookTypeId", "UserId", "Value", "EntryDateTime")	VALUES (991,6,	2,	3,	129, '2022-01-26 00:00:00');
INSERT INTO public."Sales"(	"SaleId", "BookId", "BookTypeId", "UserId", "Value", "EntryDateTime")	VALUES (992,3,	2,	1,	99, '2022-01-25 00:00:00');
INSERT INTO public."Sales"(	"SaleId", "BookId", "BookTypeId", "UserId", "Value", "EntryDateTime")	VALUES (993,2,	1,	3,	138, '2022-01-24 00:00:00');
INSERT INTO public."Sales"(	"SaleId", "BookId", "BookTypeId", "UserId", "Value", "EntryDateTime")	VALUES (994,2,	2,	2,	68, '2022-01-23 00:00:00');
INSERT INTO public."Sales"(	"SaleId", "BookId", "BookTypeId", "UserId", "Value", "EntryDateTime")	VALUES (995,1,	3,	1,	130, '2022-01-22 00:00:00');
INSERT INTO public."Sales"(	"SaleId", "BookId", "BookTypeId", "UserId", "Value", "EntryDateTime")	VALUES (996,7,	2,	2,	148, '2022-01-21 00:00:00');
INSERT INTO public."Sales"(	"SaleId", "BookId", "BookTypeId", "UserId", "Value", "EntryDateTime")	VALUES (997,3,	1,	2,	182, '2022-01-20 00:00:00');
INSERT INTO public."Sales"(	"SaleId", "BookId", "BookTypeId", "UserId", "Value", "EntryDateTime")	VALUES (998,7,	3,	2,	25, '2022-01-19 00:00:00');
INSERT INTO public."Sales"(	"SaleId", "BookId", "BookTypeId", "UserId", "Value", "EntryDateTime")	VALUES (999,3,	1,	1,	42, '2022-01-18 00:00:00');